JOB TITLE,LOCATION,BASE SALARY
851b4a230bafe200274be26da7a34e2e2c28d45dca9a85dabb29737ceb6d41c9,6bbebf81b64902b811491527fcae554a3ad8b36761475946617865b958458490,cb3db764d485143ab492464904e2b84c5889331b0666be7a95b832dbf830e023
851b4a230bafe200274be26da7a34e2e2c28d45dca9a85dabb29737ceb6d41c9,7c73fb66f0da4246a35773244959a1cb93a3c0dcb65eb6af47fbec49415e17c0,cb3db764d485143ab492464904e2b84c5889331b0666be7a95b832dbf830e023
851b4a230bafe200274be26da7a34e2e2c28d45dca9a85dabb29737ceb6d41c9,c501ea1806334878f6bf2682529e7db3e445324920470682d7f1e67f1f499cf3,9afb288ac7de008a1faa9a8f6f3e20f846d42bd20b2861d4fdc459497ec4ceb8
851b4a230bafe200274be26da7a34e2e2c28d45dca9a85dabb29737ceb6d41c9,3e90846aacec22cffee28380d8b9084bf9b5350158f985f4cf0b8f4243541ec7,49d83c91c707c5fbcc8126bab5b184750446eeac6ea64b94222d1c533e0b648a
851b4a230bafe200274be26da7a34e2e2c28d45dca9a85dabb29737ceb6d41c9,761b04a4b507f23e42d12cead1924c02a76b039ae183eccf7b790f839781df47,976115fd624e149895f3c8b7587ac2d66ffbab83b731195422e79ac1d5d29b2a
cc58f49779b59e2f130839b3798611bdcf37d401e653fa04e03517fb79c91126,6bbebf81b64902b811491527fcae554a3ad8b36761475946617865b958458490,128cf00fd1066f914d548923417fbe2b877662cd0d3263300ed49c74b713dd44
cc58f49779b59e2f130839b3798611bdcf37d401e653fa04e03517fb79c91126,7c73fb66f0da4246a35773244959a1cb93a3c0dcb65eb6af47fbec49415e17c0,ac911e4a8f2b48c071ce0fbb434c039c48e60e8d96dff768f69daa740af0c3bb
cc58f49779b59e2f130839b3798611bdcf37d401e653fa04e03517fb79c91126,c501ea1806334878f6bf2682529e7db3e445324920470682d7f1e67f1f499cf3,8ec4e5461502b7fdcf474031f735b1aa12f472d2e5920140710c13483098de3e
cc58f49779b59e2f130839b3798611bdcf37d401e653fa04e03517fb79c91126,3e90846aacec22cffee28380d8b9084bf9b5350158f985f4cf0b8f4243541ec7,e9126f469646506b8e82b4214d075bf72d9d324d357650ba670ed6f6fbbf2a75
cc58f49779b59e2f130839b3798611bdcf37d401e653fa04e03517fb79c91126,761b04a4b507f23e42d12cead1924c02a76b039ae183eccf7b790f839781df47,6b2f034f9c4d4714ad5e6de8c799cce9d3ad218c92b3abdeef19f99cefa02c94
87104ea34223e4af3860adc99ea81c7f1403353b6d09ef60b45c68a905e29e6e,6bbebf81b64902b811491527fcae554a3ad8b36761475946617865b958458490,94d6977f99781ee9bd9d4732ed0a1a965662674d8d8b3cb83d012944198070bc
87104ea34223e4af3860adc99ea81c7f1403353b6d09ef60b45c68a905e29e6e,7c73fb66f0da4246a35773244959a1cb93a3c0dcb65eb6af47fbec49415e17c0,9cada0fc06ab31acd47514db01c351c88d44fc7d42c1544497b289136b1d032d
87104ea34223e4af3860adc99ea81c7f1403353b6d09ef60b45c68a905e29e6e,c501ea1806334878f6bf2682529e7db3e445324920470682d7f1e67f1f499cf3,cec441e6d8819634147541244d5f8642b9347ca740ebaef379ec26daa1a39447
87104ea34223e4af3860adc99ea81c7f1403353b6d09ef60b45c68a905e29e6e,3e90846aacec22cffee28380d8b9084bf9b5350158f985f4cf0b8f4243541ec7,80f4d979ee0efc26b05e9b12e32523c947e19a4e54ba9a0eb120d79143f13881
87104ea34223e4af3860adc99ea81c7f1403353b6d09ef60b45c68a905e29e6e,761b04a4b507f23e42d12cead1924c02a76b039ae183eccf7b790f839781df47,398ead268b02039b641780d737b39d06e52ad7b8283a0954abbe844e39b806b0
b655dad6a6bcc14dcb5eb48614519e377b02d6dac783b6e6731a6e5703fde103,6bbebf81b64902b811491527fcae554a3ad8b36761475946617865b958458490,19993dc8f0a4531641fdc7f7cf33785479e3dd3b5384303971e247eb07404b98
b655dad6a6bcc14dcb5eb48614519e377b02d6dac783b6e6731a6e5703fde103,7c73fb66f0da4246a35773244959a1cb93a3c0dcb65eb6af47fbec49415e17c0,19993dc8f0a4531641fdc7f7cf33785479e3dd3b5384303971e247eb07404b98
b655dad6a6bcc14dcb5eb48614519e377b02d6dac783b6e6731a6e5703fde103,c501ea1806334878f6bf2682529e7db3e445324920470682d7f1e67f1f499cf3,a5825a3e4f41afe0b2e0620595e5f40da5c3dcd9d8edf1775de9bd487ac82503
b655dad6a6bcc14dcb5eb48614519e377b02d6dac783b6e6731a6e5703fde103,3e90846aacec22cffee28380d8b9084bf9b5350158f985f4cf0b8f4243541ec7,bc2254c834242274abe2151da6443eca0dc77b03d4fae9d261bb49c41141b396
b655dad6a6bcc14dcb5eb48614519e377b02d6dac783b6e6731a6e5703fde103,761b04a4b507f23e42d12cead1924c02a76b039ae183eccf7b790f839781df47,0f364f7fc2d7ca4e9f6ee1b20f4e8e17532c7016d89bc6ac7343cfbaf711e683
