id,name
5064,Meryl Streep
1776,Francis Ford Coppola
488,Steven Spielberg
190,Clint Eastwood
1277188,Jacob Tremblay
380,Robert De Niro
4690,Christopher Walken
3096,John Cazale
10400,Barbra Streisand
36592,Saoirse Ronan
1373737,Florence Pugh
10990,Emma Watson
10215,Paul McCartney
230194,Abraham Laboriel Jr.
325,Eminem
2231,Samuel L. Jackson
1,George Lucas
131,Jake Gyllenhaal
107515,Raúl Esparza
60034,Laura Benanti
33829,Terrence McNally
1164,F. Murray Abraham
2559324,Beth Lane
27888,Raúl Juliá
3037,Richard Dreyfuss
4951,Robert Dalva
1032,Martin Scorsese
1150,Brian De Palma
64,Gary Oldman
1769,Sofia Coppola
205,Kirsten Dunst
4512,James Woods
55983,Jim Henson
7908,Frank Oz
1006721,Charles Scorsese
15175,William Friedkin
138,Quentin Tarantino
36594,Juno Temple
3084,Marlon Brando
3087,Robert Duvall
8349,Martin Sheen
13848,Charlie Chaplin
9261,Frank Abagnale Jr.
2227,Nicole Kidman
500,Tom Cruise
2297235,Antony Horder
491,John Williams
30807,Rudy Behlmer
670,Ben Burtt
2154,Scott Bakula
2152,Alan Ball
1306064,Princess Diana
174981,Prince Charles
4430,Sharon Stone
6449,Warren Beatty
3265,Eli Wallach
4078,Lee Van Cleef
14276,Gian Maria Volonté
74308,Christopher Carley
928572,Scott Eastwood
14701,Carroll Baker
14782,Andrew Robinson
147,Michael Madsen
3892,Johnny Mercer
19429,Bruce Lee
18897,Jackie Chan
15111,Jean-Claude Van Damme
9979,Peter Coyote
9789,Robert Altman
20156,Sammy Davis Jr.
4347,Frank Sinatra
4299,Dean Martin
887,Owen Wilson
1204,Julia Roberts
60073,Brie Larson
11148,Joan Allen
1038,Jodie Foster
13,Albert Brooks
4513,Elizabeth McGovern
4517,Joe Pesci
14702,Cathy Moriarty
45001,Steve Allen
11477,Ray Liotta
73421,Joaquin Phoenix
1545693,Zazie Beetz
1158,Al Pacino
3092,Diane Keaton
1259,Ennio Morricone
19665,John Boorman
1208,Ralph Bellamy
11181,Kenneth Branagh
30140,Veronica Carlson
113,Christopher Lee
55949,Peter Atkins
73641,Christiane Amanpour
1202593,Neil Barnard
33684,Bono
138986,Tony Bennett
53397,Christina Aguilera
7904,Billy Crystal
7447,Alec Baldwin
85564,Andrea Bocelli
4038,Susan Sarandon
25626,Robert Ridgely
32396,Richard Belzer
10468,Marvin Hamlisch
1884,Steven Soderbergh
8891,John Travolta
139,Uma Thurman
37934,André Benjamin
15310,Anthony Kiedis
56323,Tina Fey
56322,Amy Poehler
41091,Kristen Wiig
3085,James Caan
23916,Randee Heller
178536,Lauren Frost
7909,Steve Susskind
7174,Ray Charles
21064,Jason Gould
65717,Jon Hamm
10431,Jennifer Jason Leigh
230680,Douglas Booth
73357,Eleanor Tomlinson
1702761,Robert Gulaczyk
5469,Ralph Fiennes
1291350,Tony Revolori
2136046,Bartosz Armusiewicz
2135942,Sean M. Bobbitt
47646,Catherine Tate
59620,Gemma Arterton
1108724,Anthony Welsh
10980,Daniel Radcliffe
10989,Rupert Grint
116341,Bill Clinton
7487,David Bowie
47990,Elvis Costello
112923,Linda McCartney
1829413,Hamish Stuart
10592,John Lennon
10593,George Harrison
230192,Paul Wickens
55466,James Corden
16463,Howard Goodall
558240,Queen Elizabeth II of the United Kingdom
8968,Mike Oldfield
1149345,Huw Edwards
80535,Robbie Williams
47632,Rob Brydon
1116912,Michael Blakey
2585,Eric Clapton
100183,Jeff Lynne
13745,Ravi Shankar
62644,50 Cent
32362,Jon Bon Jovi
58198,Chris Farley
1409651,Mackenzie English
108661,Chester Bennington
214830,Mike Shinoda
1070445,Brad Delson
145755,Mylène Farmer
1082289,Yvan Cassar
1082290,Eric Chevalier
84534,Dido
9315,Marilyn Manson
224858,Joe Budden
544016,D12
1740159,Marky Bass
1945289,Denaun Porter
1135272,Skylar Grey
1776464,Stretch Armstrong
4244,Lauryn Hill
822,Avery Brooks
20879,Kate Burton
2632,Chris Rock
5726,Cedric the Entertainer
2047,Danny Glover
16828,Chris Evans
3223,Robert Downey Jr.
134,Jamie Foxx
27319,Christoph Waltz
6193,Leonardo DiCaprio
113674,Victoria Alonso
10850,Kevin Feige
44038,Nancy Allen
35705,Regina Hall
143242,Terrence Jenkins
2535,Vivica A. Fox
140,Lucy Liu
103,Mark Ruffalo
287,Brad Pitt
19119,Mélanie Laurent
74568,Chris Hemsworth
1169636,Steve Sansweet
71538,Dave Filoni
1021364,Joseph Campbell
12898,Tim Allen
31,Tom Hanks
11770,John Carpenter
515,Glenn Close
4,Carrie Fisher
3799,Billy Dee Williams
130,Kenny Baker
33185,Jeremy Bulloch
6968,Hugh Jackman
17142,Paul Dano
69597,Drew Barrymore
85097,Joan Blair
1005788,Rayniel Rufino
1076915,Antonio Ortiz
162339,Luis Antonio Ramos
69899,Zachary Levi
13636,Jane Krakowski
11076,David Hyde Pierce
49827,Michael Cerveris
3999,Tom Hulce
4000,Elizabeth Berridge
1222952,Jonathan Llyr
1748,William Shatner
1749,Leonard Nimoy
1159,Steven Bauer
1160,Michelle Pfeiffer
148251,Massimo Ghini
4959,Claudia Cardinale
227,William Hurt
18972,Danny Masterson
1130441,Robert Sklar
108650,Alain Silver
1130439,Drew Casper
1665042,Thierry Frémaux
1867,Auguste Lumière
224,David Cronenberg
72861,Robbie Robertson
941022,Buffy Sainte-Marie
102429,Roger Corman
6159,Ron Howard
5168,Gabriel Byrne
70035,Maureen O'Hara
39012,Peter Bogdanovich
2636,Alfred Hitchcock
1077703,Donald Spoto
6,K
11065,W
15411,T
1121,B
543530,D
4529,S
13333,V
2598,S
3896,L
962225,J
95038,J
18517,K
101831,T
27578,E
21007,J
234352,M
31308,R
30810,D
44716,M
6614,C
61153,W
18992,A
2222,B
152699,J
66288,R
1285,A
11905,S
38127,E
6648,I
1137209,J
69500,L
45380,T
29312,C
41232,J
40433,B
41256,A
91460,R
176543,K
1488806,A
16165,J
34902,J
142750,J
142751,M
226001,A
76594,M
1059011,M
1164263,G
29704,G
1913149,A
15903,G
9560,E
24594,M
1220781,S
115002,J
10594,R
18918,D
40462,K
1204610,P
1027445,H
65398,D
2390,L
58493,T
18972,D
3036,J
5294,C
20904,J
157963,L
2441,T
15576,M
63918,A
146307,J
7166,K
1145340,S
168374,C
7056,E
56101,G
78334,R
5309,J
31212,S
78848,S
99599,C
109255,L
1817034,M
9857,K
5248,L
4483,D
13570,S
3417,T
56890,M
46393,R
8893,S
1162,R
1204293,J
27116,K
1066777,M
65013,R
4808,G
67315,T
2734157,X
2045089,J
4687,P
90654,P
19011,G
1189929,C
82388,B
11074,K
40009,M
1062,C
437100,T
33260,F
81663,V
73640,J
73642,H
2021205,F
1911675,Y
1619,C
1338,M
68676,Y
1635792,Y
130394,H
238888,T
695,R
64825,H
149589,S
143240,J
97772,M
15417,D
16927,G
12147,S
13784,B
12149,R
112219,M
112217,B
53862,K
16478,J
160172,C
6,A
2,M
3,H
10930,I
2140901,G
4173,A
5049,J
10774,A
1394681,S
1394682,R
21063,P
52404,M
99662,M
82170,J
83463,N
543105,E
4070,G
40167,D
13294,G
16303,C
94759,G
834,O
16523,B
46392,L
1428,M
118421,J
118422,G
22860,C
1430,K
1171675,I
22861,C
44999,B
95486,S
110001,P
85930,J
90388,S
107602,J
592587,J
107209,D
184306,B
1228004,G
1736908,P
82702,M
18793,K
54421,J
71860,M
1596154,P
155488,K
964397,M
72754,E
60074,J
1245537,S
4027,F
67367,R
12659,B
2240369,B
82280,L
192,M
12052,G
819,E
1283,H
17288,M
1267329,L
144302,C
15152,J
52057,O
1897169,C
45042,A
553721,N
1789239,R
561869,A
62649,R
50463,M
12021,M
9278,J
63,M
113505,K
225620,R
31137,B
62093,S
21353,I
105762,J
1350470,A
1922617,J
587035,N
154382,J
31134,D
74613,T
1222355,B
8984,B
88620,L
19961,N
180986,C
73956,J
1237,F
2406668,R
2406671,S
77018,C
1037398,D
1722123,D
14464,J
92876,P
12446,P
11281,S
40960,J
207067,E
937,D
8223,J
1205,R
20376,S
40176,A
1278363,J
150193,S
18632,B
2030027,A
2033613,V
91431,T
1046088,E
146964,K
1171032,A
1190206,D
1400290,A
32,R
33,G
52,D
5149,B
3197,T
24,R
28,W
36801,A
22226,P
5676,M
5682,A
2369,M
78934,B
4958,H
3784,M
20564,T
27442,R
39274,L
12259,V
27392,E
27642,L
22383,F
120640,S
1073982,F
3829,J
1098404,P
15135,A
6014,A
1061561,M
1018937,J
11090,E
39995,M
39121,R
15535,R
86655,A
111402,R
111404,D
1160640,R
191275,S
1160641,R
111403,T
11856,D
52564,D
94792,T
1181353,R
131273,M
70569,D
76689,S
1120207,Z
62053,D
117092,L
1338524,M
1192274,J
91351,S
11370,E
1893288,T
7172,J
22859,J
6352,J
13301,Q
13242,P
10872,P
7090,K
52951,J
1041277,S
1041278,D
1041279,L
1230,J
20493,S
5656,N
1245,S
1023139,A
2209240,T
2426776,Z
141289,J
9316,J
80892,M
80894,Z
1088666,T
1515687,R
39658,S
973,J
974,D
975,N
68455,J
78333,E
57096,M
1211217,S
20049,D
47933,A
34546,M
7063,N
1072976,D
1073001,G
27554,A
70654,M
1415341,K
1267653,C
1003,J
524,N
1810,H
219479,C
36190,E
44712,J
2056726,K
40389,B
5699,P
16294,J
45230,C
56444,R
41234,J
142858,M
7505,R
26557,F
510,T
1116483,D
131814,M
222054,S
1483204,R
1483206,T
8724,E
30296,J
29903,P
20143,J
12250,J
97243,H
1367,A
585902,N
1328,S
173431,B
29094,J
585,R
72055,T
1739002,A
78798,T
34398,B
112261,J
13446,E
87192,M
16896,J
6450,F
3380,B
157936,J
6168,A
98539,F
6609,T
61303,D
46944,M
1937,M
1242827,E
586186,G
2750,J
37469,B
15531,O
51718,N
19178,D
2165,R
26860,J
14837,C
518,D
4391,C
1587566,C
28745,D
39923,F
231664,G
15838,L
231713,C
6431,D
9546,J
349,S
13852,V
13853,F
14028,J
14029,R
14434,G
14435,M
19426,J
21301,E
14027,P
14438,H
106569,M
106570,A
29545,C
3363,N
13855,A
147962,M
21306,A
21303,E
68703,T
578708,L
290,C
14674,G
11487,M
1172108,M
30083,L
102786,B
1181293,M
556903,M
115863,F
3125,M
1846217,D
1104726,H
44549,P
1490,J
1523586,B
46432,G
112035,M
1725875,C
1241252,R
18977,E
1248913,J
112200,S
34521,M
1215120,T
501362,E
470303,B
68842,J
1074129,F
2066306,F
173729,Y
1700943,J
938972,A
1236595,H
21049,Y
564,R
584,P
2219,T
40036,T
6944,O
1005852,J
5621,J
5620,K
85,J
776,E
898,M
1264,B
78707,T
7542,A
55794,S
1468163,V
44797,T
1434484,S
99846,S
51750,J
158769,K
39104,A
2313633,A
22082,L
2057865,A
1778612,T
1848881,B
4587,H
110380,C
820,E
821,B
237405,L
590963,M
23052,G
22902,H
37366,L
880,B
1330888,A
83002,J
2501669,M
87927,W
1324998,L
110316,J
145116,S
231677,K
2576887,G
1684452,E
231666,A
1224010,J
117313,C
117319,M
10297,M
1813,A
19049,M
15196,D
46780,S
66884,E
17844,E
6263,H
2883,L
3011,L
67676,K
116838,B
31070,R
31071,M
2264,P
56553,R
1047752,A
173150,R
56950,D
66606,G
66586,M
37625,A
14639,M
4756,M
16940,J
7570,L
130231,B
10739,B
84914,L
76143,R
2161106,S
2161107,R
2161104,C
24366,P
20030,J
27643,M
65,I
3672,P
138411,M
5414,C
39,S
1348683,M
1261112,V
1782038,E
134667,B
118426,G
116,K
66441,T
10882,R
1599422,E
70615,R
2048,G
90609,O
87003,C
1060565,M
84932,J
517,P
49735,A
95136,D
1116282,C
1100,A
2713,L
2209854,D
2978,M
13922,S
102860,D
1748905,T
7470,M
1213611,A
67273,R
29408,U
87255,C
1298360,L
174838,G
16377,J
103436,M
103437,G
521,M
1058,B
175462,L
1239621,G
553520,P
582851,S
56128,K
1623255,M
100614,J
1215055,K
28410,J
77624,R
1178637,T
83272,C
205474,A
1502483,L
1160651,A
2591057,C
139564,D
81488,A
17835,R
55398,A
39189,S
104779,N
227035,K
93841,G
70673,L
64384,M
1071306,D
143190,W
1139708,S
937835,L
103127,B
1329897,M
229302,K
26756,Y
22411,C
22412,J
1232357,K
532942,F
76141,D
13525,M
2106740,A
7124,R
7125,R
854,J
7683,W
1532776,D
738,S
36897,H
1346871,G
1348932,M
1198488,H
59070,M
940219,J
925500,M
4973,C
10168,D
37332,D
1227864,C
199999,A
115252,N
115251,J
16418,C
67778,J
188238,M
49812,K
6638,M
1923,R
21345,S
109,E
1178795,B
52601,S
58965,A
206100,T
122844,J
1547914,E
15100,L
23680,D
4765,J
18345,B
17787,P
1666,J
30428,M
136532,M
10205,S
4139,T
5048,H
578,R
35862,D
65446,K
9188,B
47096,R
47654,P
1256731,E
1333477,C
2256,R
570287,T
10823,K
951198,J
1251730,T
89809,B
199522,A
24589,P
24590,D
115573,G
5658,M
24393,M
55477,A
113697,R
1213001,C
12311,J
41406,S
101908,M
13565,S
4786,R
18588,J
1009,R
82860,J
2463363,R
18291,L
9781,N
19303,K
2293,F
2144,T
141,D
2505,J
44731,J
87172,M
11449,A
83875,W
1836915,A
28238,D
73457,C
2379811,D
2379813,M
587506,S
543505,J
130640,H
10437,L
70177,C
10367,J
67274,D
12207,K
1369100,M
1098600,H
142678,S
9070,J
30003,G
64838,B
30290,V
2017818,M
2017819,D
145327,A
121633,M
40305,S
2384667,L
130408,E
586505,N
586506,C
15831,F
19547,G
17183,J
17832,C
2539040,P
7395,B
26282,N
122750,L
143406,M
15423,P
1219029,P
141956,M
9045,S
556097,N
1847836,G
1869276,G
5628,A
230725,R
2525109,H
133944,K
147897,Y
146750,G
37260,A
14386,B
1214573,S
1256217,B
9290,H
89799,J
50095,J
109869,K
1254995,A
74749,B
87919,M
96698,C
144289,G
207295,M
40900,M
4935,P
31166,H
107398,S
5938,G
112641,D
9850,B
1255425,H
9126,E
10182,V
21399,R
31839,R
2963,N
16431,S
16839,M
228826,R
1348516,A
36811,N
292445,B
21457,E
68557,J
213438,K
238896,C
94972,E
1366128,T
88495,S
134704,W
240177,R
57250,R
240168,T
1836691,T
115916,A
1608036,J
554622,H
97338,Y
1051846,T
70690,K
119439,T
1437556,B
62414,Y
26724,E
62419,S
576408,B
26739,S
1101342,S
1101343,C
1016349,N
89056,D
1101364,J
31309,H
26660,R
105207,B
4169,D
57119,S
27102,W
8902,S
8253,R
10606,A
6941,C
12073,M
37287,N
922,A
1410492,N
60585,G
153783,R
689,K
72063,C
9088,J
42705,J
95023,O
550552,J
1554375,B
121917,A
58962,D
546750,M
580240,M
2525463,P
19767,S
975085,J
1719741,G
146687,T
1839512,I
1595030,C
1396525,J
114454,B
43975,E
9981,S
2090,K
3636,P
4135,R
8606,R
34982,J
110799,R
15762,T
89042,S
31162,D
1224238,A
1217885,E
29908,N
95732,R
783,J
4800,G
52300,C
160266,D
55635,J
18643,J
8229,R
5401,A
13567,A
246,G
1747683,R
1747685,L
1475610,G
1137579,N
1137580,t
1137581,I
73985,R
2228550,A
2228551,L
2228552,J
17838,R
1220123,G
1452045,B
3063,T
96861,S
2188126,B
18023,R
8998,I
153458,G
58319,J
6774,J
42174,K
1387760,V
227308,V
7301,A
883,W
1733,N
884,S
16327,T
30585,B
2463,P
21278,A
47629,S
1231402,M
30433,N
236135,S
10158,R
38901,G
24759,J
1091581,B
9599,C
5729,K
3150,T
21151,M
1466,C
232104,K
1408695,E
1187022,M
1193442,J
74294,D
5741,M
1091199,L
929955,S
1382100,M
1187021,G
1058066,B
6395,E
173765,K
59016,T
24682,R
13919,M
51813,P
1092208,J
121045,A
1675564,B
175360,G
1110913,J
1559929,I
108122,N
1115257,D
67950,R
28134,G
145871,B
66147,A
2445767,B
1425961,J
543366,D
33004,P
85358,R
9865,L
50967,D
14501,P
10978,M
990400,V
22137,V
69697,J
550511,G
67615,K
543940,B
536915,P
65360,A
1400899,C
220903,G
108120,S
567196,K
39624,P
23958,J
4787,J
19274,S
21200,W
143470,J
213335,D
95866,B
102,D
936885,C
1774673,N
7375,V
39008,C
28615,r
26101,M
28611,B
10342,M
6553,I
158837,D
14371,A
3359,L
22969,J
8437,T
88164,L
27995,B
2183911,A
30613,K
2310,B
41779,M
2095785,K
39644,M
15137,S
11989,M
3508,D
25839,A
223251,P
20043,K
52685,M
1653,J
1654,C
1655,A
350,L
11315,N
2102511,M
2102516,C
1052106,L
1052108,L
1918119,A
59785,F
964843,M
4996,T
7488,J
1473975,T
1642804,C
2630,N
11478,L
35319,S
154971,D
56045,M
1284,N
56778,S
2468,S
18248,M
29069,M
10501,C
1210796,E
6807,S
100253,J
88727,T
32915,L
29918,D
26662,J
2091,J
44079,C
1107983,M
1122373,M
1122374,C
1122375,L
15319,H
11023,S
123304,C
1400160,B
78577,G
1237916,M
135980,P
135981,P
135982,J
1160304,M
1238740,Y
1278342,P
15661,C
20753,F
1194209,R
4735,J
57755,W
3910,F
81683,G
38951,R
1224617,R
1108907,N
19536,J
1339982,R
69342,M
1524,H
37068,J
400,G
1327,I
10341,B
4581,S
15736,S
1047236,J
1310314,N
1932529,J
193648,G
41269,J
9594,K
12410,B
12407,C
2109,K
2130,C
2203,N
70484,C
44107,C
29802,M
98464,A
14469,R
3291,H
63295,P
36083,K
21708,T
24299,J
2565,Y
18847,I
1352,J
16757,S
3268,R
1378034,A
53122,F
138005,T
13526,N
111702,C
7499,J
6161,J
35,S
1080542,J
1850913,T
1159375,D
164807,P
16178,R
3361,G
31550,J
24811,V
76974,W
30002,G
36040,E
40618,E
4778,M
124309,G
134633,T
35516,H
78439,J
1070708,V
1556652,L
1950476,N
162668,M
5961,A
4098,E
149133,S
13963,U
106572,M
14966,A
21462,R
4165,J
1785461,E
1565002,S
228866,C
1498157,J
76022,P
11355,J
26854,P
32556,R
44557,J
10779,D
12982,P
91493,C
131772,A
32646,M
80760,R
2503684,A
1068409,F
1068410,A
1068411,S
2954,J
33663,D
149923,L
1063969,Y
1063970,P
1314544,C
998458,G
1923219,R
2569912,L
2601848,P
2601877,V
112580,D
1508921,F
98538,T
90587,N
110560,G
938769,W
1073842,D
1041318,M
1041321,M
1041322,V
29859,R
1754138,K
56262,A
1102260,L
569,E
2692,R
116100,R
1140098,O
12826,C
1216096,P
8930,J
27011,V
2238924,F
10828,G
200,N
64948,C
66811,D
47457,C
12692,A
13268,R
14572,S
6952,C
142752,H
1227278,S
2636676,D
124756,S
612216,E
66125,B
987137,N
68562,J
1336,J
607,Z
76068,M
54830,S
35350,M
220908,S
477,J
103616,M
11152,M
1727636,A
1020062,C
107622,S
1589269,T
137915,H
19138,B
10539,K
44845,E
114470,P
51990,T
865,M
7402,M
21246,C
81690,D
56578,J
9656,J
1713525,S
1058100,C
115788,P
56446,J
59153,R
1781174,Z
58924,C
146008,S
239009,L
102880,C
262128,C
69638,E
69636,T
70674,N
56830,B
1346979,G
103598,E
227778,C
558825,P
134703,K
83630,L
62424,D
2710,J
49833,M
2057491,Z
2237295,A
1905,V
85345,F
1089261,B
140570,J
77886,P
1140257,K
1140258,J
1314764,R
1499310,M
1248656,L
1655504,T
938939,M
1248678,J
114885,J
70119,C
37583,N
34027,S
45982,A
24379,B
1922219,P
20882,L
30832,F
44865,T
47513,P
11840,P
2034418,J
518627,J
21029,B
123725,A
133,P
175826,M
76512,J
6046,R
1291961,M
1332746,B
74036,T
3198,R
53595,J
95894,R
26076,B
55469,R
137928,C
80112,S
1182929,F
64181,D
64182,B
97185,E
58393,C
56523,L
1768256,A
1796,K
8975,S
1060,D
11777,T
1172100,P
1172101,B
1172102,K
39646,M
1072767,J
1207975,A
41877,M
1921416,E
2662943,S
1070237,J
19707,C
44762,F
15234,D
1552521,B
7229,M
12840,J
6930,D
26659,A
126386,R
1972,D
18980,K
18979,C
29428,E
2568,F
9746,M
1291451,L
1088668,O
1139462,P
1515688,P
2043487,J
16862,C
44556,R
28608,A
33723,J
83037,J
18647,B
1196272,K
70668,D
83904,C
16759,M
1020089,J
119540,J
13823,G
116256,R
116255,B
89933,L
89088,H
143560,V
30210,J
4113,C
28331,R
3783,B
44647,A
14502,J
24363,F
19646,M
37191,G
45523,L
11641,S
62596,K
64722,J
107372,H
5141,H
5139,R
5140,W
1061491,J
1061492,D
16832,T
19850,C
80591,R
88959,A
1080623,K
8727,B
104728,M
174992,E
214869,K
78076,W
1225271,V
5372,R
10558,J
102858,J
4160,H
1233,P
3982,X
14061,J
8255,W
201,M
47,B
58512,S
71403,R
8447,J
3926,A
531,D
8215,B
1297,R
3968,M
17484,D
74336,T
910326,N
928508,A
21411,I
1847408,J
935594,T
240728,C
70261,N
70243,E
7173,C
2753,B
7632,S
100318,J
13717,B
73931,B
142439,E
109404,V
863,O
19803,L
1084298,A
399681,D
1371523,J
1893064,E
1436413,C
74329,J
1389073,J
1389074,L
82793,M
7071,L
8534,K
7004,P
6197,B
2744,C
3131,A
98357,P
123255,P
123257,P
1038488,B
1038546,E
123258,P
98316,L
12208,O
92706,S
1289878,A
1538771,D
115679,C
104795,B
1361519,R
1361520,M
135420,D
71580,B
1836,J
7060,M
11180,D
216425,B
146459,S
11616,O
8227,A
5482,R
99809,T
89251,M
6677,K
81249,G
81248,A
12931,R
8536,V
931162,J
94098,G
11665,M
7796,I
2171,G
18293,K
156774,V
25072,O
13611,J
1429,C
53396,R
1229795,K
707,D
7171,J
11998,E
9626,R
504,T
4029,B
73030,R
204962,M
103939,C
73036,H
1176349,B
1668794,M
1474935,J
549617,M
219176,P
1003231,G
14450,G
72059,F
3391,K
31234,G
13577,M
1421958,A
20548,R
85637,B
1114225,K
1114226,M
116152,D
116153,N
264374,N
111946,B
1214377,F
2035979,L
88339,K
54728,B
1488952,M
1314108,F
61441,R
110564,M
110068,R
723,P
198886,P
34901,J
47985,E
47987,G
18266,P
69751,C
1320609,P
128741,D
2515901,P
83966,P
72590,A
1232640,A
68750,R
65020,V
2975,L
9788,R
11389,J
3122,S
937809,H
27084,N
1184600,T
56861,T
1376364,M
90389,P
216674,H
18999,J
16376,L
58098,H
2699644,C
2699645,B
101378,D
19968,R
928545,R
1645418,P
568555,s
1170013,J
928362,S
567335,C
543599,B
151043,R
105656,C
119154,D
61903,G
1201951,D
129849,F
238330,B
1202307,H
89888,A
1167703,R
90027,J
65605,M
238367,T
77763,M
222912,C
997887,R
160039,E
568589,J
491896,B
16620,H
1170011,L
1170010,C
90031,K
25442,J
1542852,S
1542849,M
1542853,K
974169,J
1098962,D
1713725,O
3026,R
36662,C
17477,H
71450,R
41043,T
89670,S
78057,O
13954,W
14101,J
18794,K
8874,E
31138,V
1212706,K
1575256,T
92861,T
155783,S
97779,D
87461,D
1031249,J
1564691,S
469759,A
34070,N
168877,F
1363140,G
1228056,R
10912,E
1247,M
239019,K
22970,P
147424,J
3061,E
1125,E
9012,J
28256,E
25780,P
10409,S
7077,S
33741,R
70985,G
33181,J
63611,N
53574,E
5657,A
97698,M
103968,L
44615,R
31140,M
1878335,A
4794,M
20472,N
20309,D
111714,A
165867,K
124240,D
64928,A
51377,D
24685,J
120617,V
69395,B
1951261,A
19185,M
74353,M
3900,L
9825,S
149994,D
145115,R
577640,S
231674,H
1216701,M
2044739,K
1855591,P
51359,L
15532,R
1610514,T
6541,P
41689,R
43120,A
388569,M
56004,A
2987,S
1153843,J
1220206,S
155209,M
1246000,S
1280183,C
38129,R
13401,P
1059008,T
2300297,B
150905,G
234815,F
51764,K
30495,V
85412,O
62714,B
84532,J
84530,R
216728,A
238864,R
950346,L
1091984,T
1547461,L
1797610,A
1797611,V
84698,J
21736,J
97878,R
2430607,J
236695,J
6718,J
123516,C
1228033,A
6586,B
1796092,M
1955081,J
1674611,C
1169805,R
11789,F
4784,L
118602,C
46280,A
107618,P
2381755,T
28767,J
1504297,M
2681602,W
22868,R
83461,D
17580,J
4420,A
19534,G
1448504,J
1448505,A
21986,R
96091,C
227020,R
1409959,E
998387,E
1886963,J
57970,A
81287,S
3267,G
1521488,H
113818,J
18364,G
40,O
121217,F
109969,D
16421,H
37446,V
2771,J
19401,G
94765,D
132575,T
2638,C
2639,E
81667,J
136930,C
15761,G
154106,G
57637,J
69230,L
129053,D
150810,J
167662,R
130565,N
52775,K
963818,T
225863,Z
43125,R
1893,C
1671524,M
6905,B
1904,A
127712,M
3035,J
527313,T
77019,S
190315,J
5727,D
1215086,C
19540,P
21731,M
228856,K
237588,T
930633,F
2106,W
146136,B
35521,M
59287,G
65531,E
110675,J
592816,B
43458,B
104646,B
63681,J
68166,I
78691,C
78693,C
2030076,S
1675772,R
1692795,M
1733204,D
81178,C
188024,V
67600,A
25663,T
1936,M
5247,J
59219,K
1137,J
2528280,Y
82420,K
1276017,B
2406,M
1925,V
37628,J
77003,G
199449,G
223,A
2232,M
12438,B
5655,W
1479685,R
62417,R
1337,T
67222,C
68561,E
940339,L
26727,D
113794,W
1161994,S
312,J
58225,Z
20603,H
1242932,A
54470,L
41819,S
1518,F
1331,H
207922,N
166754,A
76070,M
118,G
53519,L
26456,L
134328,A
557911,R
2347807,B
1670479,A
1625013,M
84384,O
1322032,J
1322033,B
1152,O
5293,W
35824,A
235984,J
76495,S
76496,J
19302,J
2536,M
15033,J
1205143,J
1205144,D
22159,M
79357,J
87096,G
40956,F
93967,M
116484,J
2265,A
21596,S
8658,E
1954,B
9869,K
3349,J
143526,J
143527,L
1472703,J
1579769,M
1635468,T
15735,H
54014,D
7504,C
1796547,D
1092868,N
1092869,J
1092870,D
76339,C
5077,V
11669,J
53926,J
2037,C
6949,J
112720,C
57108,U
16450,S
101776,J
76944,M
231170,J
1669952,A
107094,D
38832,T
76215,A
139549,R
884406,S
1206337,H
18626,A
103962,P
2056223,D
1365715,M
54754,V
54693,E
19492,V
91332,D
78805,L
21369,G
93527,K
17554,D
1050833,L
74042,A
1110895,C
1016909,R
100507,C
11161,T
1563704,B
1563705,R
29539,S
96179,D
862,G
3088,S
35321,R
27932,L
3612,G
1189209,W
1313109,R
44547,A
11916,L
47068,J
225636,H
7569,H
8742,I
67521,K
6657,B
20810,J
53441,A
20510,R
1230989,M
3201,P
59373,M
6091,A
582884,M
24816,P
37175,E
47879,J
104895,J
59846,J
107437,B
231241,U
1332680,U
8654,M
1133658,W
1028353,J
9572,M
51546,J
90170,A
29791,L
7668,H
83779,T
520,S
3461,J
203093,T
378,J
32327,K
383,M
87295,R
57342,V
77120,S
1216310,D
151042,P
1076796,S
1197005,R
81978,K
1197766,S
1195521,S
565433,S
238346,A
1082302,D
906496,R
543544,A
543521,J
567257,P
65236,B
2615993,W
1195465,S
565430,P
237737,N
1155613,M
1155614,J
1197745,D
237600,F
1206981,G
1155271,B
89023,R
1039215,B
102210,S
569165,R
1207045,O
1216782,P
1463963,P
1064416,R
25504,A
1108859,S
1155272,R
1085699,T
151245,B
90802,J
67773,S
1249429,C
1234635,N
36802,E
148115,B
5823,J
6837,W
2178,F
57829,A
12462,R
240161,M
25246,A
83358,M
239008,F
1082975,E
67689,A
26744,G
990443,N
83624,D
1620,M
65992,M
64154,S
11617,M
158324,A
2076,D
1066609,T
1885331,K
8212,P
2179,S
11885,J
93498,T
1235516,T
1442,J
150992,A
150993,P
3186,T
116771,M
94814,S
11462,E
11465,T
27725,J
1910214,G
1037312,J
32377,E
9762,J
1142230,J
1142232,S
140503,T
1694889,P
88059,T
84206,K
119598,P
8656,D
58264,D
29369,M
2288250,L
2110741,J
2234,M
1217934,B
1223194,S
163361,R
1214976,N
111270,W
12513,F
1231850,S
15425,N
1088689,D
1017169,G
1253615,P
70274,C
1242716,R
134877,S
1156206,R
1435,S
25129,D
69921,P
230253,M
1347896,J
1214261,D
1877583,J
151436,J
564046,T
164116,S
1404518,C
34947,K
1393177,N
1487247,K
1252035,T
2474025,R
2572709,L
117418,M
89289,J
1188876,H
1084317,N
999787,T
95686,D
56730,C
1138215,B
85757,J
130566,K
4783,S
37158,C
20158,D
2687948,I
108881,B
926,O
4610,J
2426206,D
2284427,C
2302831,H
2302832,J
20767,S
4971,B
1416046,S
79931,C
184904,N
94062,K
21607,R
96409,B
40961,A
29307,M
83753,J
40962,K
189306,B
2062615,B
87485,N
3151,J
153694,B
1184302,W
60642,T
1718049,N
1417614,L
110589,A
1559401,J
121018,E
129521,C
935921,B
6662,G
1920465,K
87724,M
34774,G
4111,I
3854,L
126471,T
64826,I
155864,K
128621,R
2371,F
65571,S
30309,P
72100,J
23679,B
1303090,A
45416,K
86314,M
1504903,C
1540483,F
40680,J
3138,K
1534,C
143346,K
204131,J
31531,J
63373,S
7498,E
26851,H
54455,D
82406,P
10697,A
174982,N
230198,B
230199,D
201417,M
1504296,L
1555968,I
80625,G
1251736,B
1066389,B
7175,A
1239223,R
56683,B
1266016,B
94037,B
7897,E
12896,R
628,I
608,H
11628,L
18649,J
1581,M
8947,T
1369,B
27652,P
8213,S
6104,J
10698,T
126628,M
1362999,W
14538,D
7779,S
1820819,K
6471,W
86290,D
1500278,J
484359,K
2586569,F
936039,M
12656,J
90423,L
1190801,S
1145520,A
3051,T
8338,J
13295,D
8857,D
140830,B
9600,T
30181,F
14261,D
91711,D
13555,G
3362,J
95117,F
522,R
26483,V
111989,J
127193,J
19754,T
8829,M
131618,J
227396,F
35106,F
125488,F
1376830,A
90039,C
20747,J
123795,M
21277,M
104053,M
175981,L
120582,V
135162,K
20945,C
2417,M
1599987,M
17577,P
28010,D
219193,B
73138,M
112040,C
2178109,S
2178110,R
24499,V
27271,B
67323,M
34491,L
19610,M
51860,J
27106,H
23626,L
112031,E
112032,J
4250,M
2054851,R
1356758,T
14414,K
2185240,M
132429,A
7404,S
84497,A
82794,M
133917,S
56117,M
131771,K
265904,C
84627,J
112326,P
2084010,B
314831,T
3905,W
18686,H
1393199,E
1217614,D
986399,T
986400,S
999825,S
2356303,J
103762,J
103765,F
92858,A
79788,J
423331,S
577612,B
76065,R
106730,B
3681,A
6929,T
19069,C
12500,P
36204,M
12726,T
14504,J
12497,F
5730,B
7303,V
7304,J
8699,M
109899,B
2185665,J
9191,T
4154,B
1271,A
1569458,E
1771829,S
115089,C
1134299,J
2114503,K
1828492,H
2542031,J
10538,V
8725,O
88867,N
183289,A
32924,E
108627,C
1191427,J
928383,V
160733,N
135352,K
1076701,D
79027,A
1195537,T
214618,L
1195469,M
80757,M
1216846,M
218022,S
1075574,R
711143,C
568585,T
1195475,N
1195489,B
1155262,L
568583,J
1108045,H
1197732,G
1197733,C
112218,O
102937,G
1087342,S
198192,D
569166,R
568592,J
1198946,W
568587,R
1275417,R
1093514,C
1194847,W
885876,J
1196994,K
1195491,S
1155264,V
238321,J
1196755,R
1076684,L
217275,P
16591,S
238324,V
1207043,E
86903,P
21397,D
1196694,J
33016,T
1108047,E
131519,R
1305687,G
1338269,B
83150,A
41419,H
11275,S
1212729,S
7018,R
32990,S
11149,D
60650,M
92969,M
104598,L
110023,D
109804,R
22645,C
110066,T
110067,M
3568,P
7571,B
2233,B
121257,B
96719,L
24820,J
940155,A
86104,P
231773,J
24695,O
18666,D
82653,M
21216,K
58792,J
13009,A
33656,H
39520,G
16897,S
57686,H
33003,L
9067,F
160252,K
92953,A
1106256,A
1542700,S
95102,K
8875,D
568652,D
1552801,S
216268,R
1377088,J
1303280,A
