2016,2018,47115e668598b3179e73f63445b816160eb1efca72344a72a070c626d3e7daea
1946,2018,4afca689421c9ca61bacea86dc14194b8a04aeaf758984d054da31edbfcf9148
2015,2018,ca5321c88429f35111ba3c3ddf5d01fc4b2f4adc7bd7487828d6288765d041b5
2018,2018,ae899de273cd75984359192e28b80b614da4e1eab9134d9cdad4de2f4051594e
1922,2016,865cced9ef908a1a539137bc2dc7d63209dc6afc71da03de06f29afc902ac1a9
1984,2016,c4e44ba61f473ecb81dceb93ca7113f5466ae92042079b3dd169bc75b7761ffc
1935,2008,b42c603166281bdefea70625ee1c363ee750a4d97897edd574d0544b3cefc808
1935,2016,52ca2f896f9c7b57af819af81a65152d5393ab51c9926b0b502514400190f633
1922,2018,1de08aa11aea3975f1cb26a5496b3be83a37146dff324bbd2d20481827a76081
2011,2015,33d60f35035b54746905590b975af420b5cbc6955ec6cfcf5f53c8cca7785cdc
1931,1946,63086419a6ba4cf25382b31767cf88105f6a2d063be6b84e68a2fcf42c33b337
2017,2017,d442082969642bd89738987154d6c9264c30d2332d5c8fa98443a9ee505bfb3a
2016,2017,e6aa79db1d97e4938bde398be46b1e0b29d6d33fc1bdd3ce78a31935e0320c50
1939,1982,f4f7ab67e69b59ffee2564dd5576b5e1e13c44d114a855af061830052d0d9cbc
2015,2016,de8927794db5fefa7e0824469038f123eb00ab056b90fc4359a420828086d30e
1986,2017,361aee12de222eca4ca2d9a12cc07438c6d113eb5d9c4bc4b330dc43b9742a56
1977,1986,f6e66c6aaffab59c67aa15ea2194a50957296530ed9f5fb16b60490b9839bd5e
1937,1956,d85fea9810022481fb81e7568500c852f716b60720fe23951768598e16d17e2e
2017,2017,d442082969642bd89738987154d6c9264c30d2332d5c8fa98443a9ee505bfb3a
1986,2015,b8b726c7a8bbebc3d6bed444357bd96f8ad9a32ac00450357c018c7defd6d787
1977,1986,f6e66c6aaffab59c67aa15ea2194a50957296530ed9f5fb16b60490b9839bd5e
2015,2016,de8927794db5fefa7e0824469038f123eb00ab056b90fc4359a420828086d30e
2015,2017,883b8142f308e732feb42835a58746df8d014580f6545b0bf056da2ee69d50c3
2017,2018,0ae866c4feb42f7c39d676be74691e4139fd20e2cfa824522c7e70b04ec433a3
1946,2015,739042fe1d156223f4cf524df48cada8f3af0c67e2434b50a4f965fa930dfaf1
1977,2017,cab27c84de4b45b5a007e70c0f63f9d5b47ff49c66ded79d4d2d61a2a5c1f643
2016,2017,e6aa79db1d97e4938bde398be46b1e0b29d6d33fc1bdd3ce78a31935e0320c50
1977,2017,cab27c84de4b45b5a007e70c0f63f9d5b47ff49c66ded79d4d2d61a2a5c1f643
1984,2016,c4e44ba61f473ecb81dceb93ca7113f5466ae92042079b3dd169bc75b7761ffc
1937,2010,9668a4ab0c830290daef17b6c68b7f71b179b810884be80d1538e66ce1e5c409
1927,1940,1e4116774d3c1ab90ffa54c9c58d48612f89d3095beb97a0f516214c2daa62c7
2017,2017,d442082969642bd89738987154d6c9264c30d2332d5c8fa98443a9ee505bfb3a
2017,2017,d442082969642bd89738987154d6c9264c30d2332d5c8fa98443a9ee505bfb3a
1939,2017,dec16fab2ab9c30717d10fab8100893961a0d0bd40dba61d46cabe470cec492d
2017,2017,d442082969642bd89738987154d6c9264c30d2332d5c8fa98443a9ee505bfb3a
1940,1982,5e437fcba9645a6b13df010a0a65de60f3f634fce2074abad8ec077a994f3dc6
1939,2017,dec16fab2ab9c30717d10fab8100893961a0d0bd40dba61d46cabe470cec492d
2018,2018,ae899de273cd75984359192e28b80b614da4e1eab9134d9cdad4de2f4051594e
1922,2012,e95121cc8a8a2a7ebdc110d30c03d6ce2a060c96ac875c618854b9fbd59f4f68
2018,2018,ae899de273cd75984359192e28b80b614da4e1eab9134d9cdad4de2f4051594e
2017,2017,d442082969642bd89738987154d6c9264c30d2332d5c8fa98443a9ee505bfb3a
1979,2018,9bd137930edf0ef24df6b0b55e572755c9fb8a2f23ef2720486a7ca64ce9d574
1982,2015,02a0e9ab0d18724b65c341f2c6e470a3015f3fdb368c5f67ea5c845ab421ea11
2015,2017,883b8142f308e732feb42835a58746df8d014580f6545b0bf056da2ee69d50c3
2017,2018,0ae866c4feb42f7c39d676be74691e4139fd20e2cfa824522c7e70b04ec433a3
2016,2017,e6aa79db1d97e4938bde398be46b1e0b29d6d33fc1bdd3ce78a31935e0320c50
2011,2017,2455b0b5e2b783414cef0f7f6bdb8bad79eaefc4367f0c6fd32f22c8ff49a873
2008,2018,b34d8f6c9176f692347442386a136f4ea008174c0ebe521a26d9db40f82b14ee
1937,1939,236e235fd567652681c2dfacd803a8dbf81cde8a6daf5dc50d5d5b75bb41a433
2012,2016,03f9a37a49b6681c66d53c0a894c8b68ffb6272925f35ca4fca27fca9b4b4719
2017,2018,0ae866c4feb42f7c39d676be74691e4139fd20e2cfa824522c7e70b04ec433a3
2017,2017,d442082969642bd89738987154d6c9264c30d2332d5c8fa98443a9ee505bfb3a
2016,2017,e6aa79db1d97e4938bde398be46b1e0b29d6d33fc1bdd3ce78a31935e0320c50
2016,2018,47115e668598b3179e73f63445b816160eb1efca72344a72a070c626d3e7daea
2016,2017,e6aa79db1d97e4938bde398be46b1e0b29d6d33fc1bdd3ce78a31935e0320c50
2017,2018,0ae866c4feb42f7c39d676be74691e4139fd20e2cfa824522c7e70b04ec433a3
2017,2018,0ae866c4feb42f7c39d676be74691e4139fd20e2cfa824522c7e70b04ec433a3
2015,2016,de8927794db5fefa7e0824469038f123eb00ab056b90fc4359a420828086d30e
2018,2018,ae899de273cd75984359192e28b80b614da4e1eab9134d9cdad4de2f4051594e
2018,2018,ae899de273cd75984359192e28b80b614da4e1eab9134d9cdad4de2f4051594e
2017,2018,0ae866c4feb42f7c39d676be74691e4139fd20e2cfa824522c7e70b04ec433a3
2017,2017,d442082969642bd89738987154d6c9264c30d2332d5c8fa98443a9ee505bfb3a
1956,1986,2d6bcc3e3b9b1edffd208f0b98517a6d4bae26dcea5c16788a829d066ca3339e
2017,2018,0ae866c4feb42f7c39d676be74691e4139fd20e2cfa824522c7e70b04ec433a3
1984,2017,d3a3f1513cee9c43f22cc9a5ef7dd356565c3f53ae37cc073167ae7b66b8130f
2017,2017,d442082969642bd89738987154d6c9264c30d2332d5c8fa98443a9ee505bfb3a
2015,2017,883b8142f308e732feb42835a58746df8d014580f6545b0bf056da2ee69d50c3
1982,2017,85f39f53112ff59736923fddf26f09081b88199e2951f83dff09414d8a9f80b6
2016,2018,47115e668598b3179e73f63445b816160eb1efca72344a72a070c626d3e7daea
2015,2016,de8927794db5fefa7e0824469038f123eb00ab056b90fc4359a420828086d30e
2018,2018,ae899de273cd75984359192e28b80b614da4e1eab9134d9cdad4de2f4051594e
2013,2017,0d53bef627c80c58f08df9b2e82efdfe77dd098f5fc3a77486e79e600c20b8a5
1979,2017,4b8706ae72444b4a028910038637a71502b5d0c10eb2d7f8efed2831e3a59096
1937,2011,44c5d1264e89fecae7bc24665992b45f2f17319fcd2c04e399d1ca8cd1c607f0
2017,2018,0ae866c4feb42f7c39d676be74691e4139fd20e2cfa824522c7e70b04ec433a3
2017,2018,0ae866c4feb42f7c39d676be74691e4139fd20e2cfa824522c7e70b04ec433a3
2015,2017,883b8142f308e732feb42835a58746df8d014580f6545b0bf056da2ee69d50c3
2017,2018,0ae866c4feb42f7c39d676be74691e4139fd20e2cfa824522c7e70b04ec433a3
1982,2018,632a5d0621ac64687bfce21ebd11bfba52d32f0eeeaff79faee2f3d9e0ab4e2c
2017,2018,0ae866c4feb42f7c39d676be74691e4139fd20e2cfa824522c7e70b04ec433a3
1956,1956,cb9cffe72e8033327c5d843ef08122178f42a9ec8b1f17d15c2a84daa51b9851
2015,2017,883b8142f308e732feb42835a58746df8d014580f6545b0bf056da2ee69d50c3
1986,2017,361aee12de222eca4ca2d9a12cc07438c6d113eb5d9c4bc4b330dc43b9742a56
2018,2018,ae899de273cd75984359192e28b80b614da4e1eab9134d9cdad4de2f4051594e
1946,1986,5bf12077edce98bc7b9da375737f3ce66cdca73dbf5fea61a636fdc347c4fb0a
1922,2009,d58007817c7f3b172a3431f79416b1b0d77c1f998361b593d888277a487de747
1931,2017,e91e417bbd110d07d89f6984b80d07d95daf9b624fbe1a8e6750f5a16e14e100
2017,2018,0ae866c4feb42f7c39d676be74691e4139fd20e2cfa824522c7e70b04ec433a3
1931,2011,7be304ad87e9b13d9c686373787bc2acf874f3cdd0552e2f882d0be2b01ad225
2017,2017,d442082969642bd89738987154d6c9264c30d2332d5c8fa98443a9ee505bfb3a
1977,2015,004efed00e627af70f1d12f0d388e3567c91b83bd34e51663e1893e6145ed4ae
2009,2016,ce539c3d331347937099c3540bf8c38b9c50d68550cf7b4e86732208bbfecbb6
1986,2008,05e4e221aa51c7ad70c42871329da75b0bc851737b7635016dde6d48ab22bf1b
1986,2018,4e527e128b06d33f40a3967d431fa4c2150747a65045b06fb3650f5474401fff
2017,2018,0ae866c4feb42f7c39d676be74691e4139fd20e2cfa824522c7e70b04ec433a3
2016,2016,df5053869911197a7151cf259b970c69792440ca88e2440a7c29aa51e8a84c9d
2017,2018,0ae866c4feb42f7c39d676be74691e4139fd20e2cfa824522c7e70b04ec433a3
2015,2016,de8927794db5fefa7e0824469038f123eb00ab056b90fc4359a420828086d30e
2017,2018,0ae866c4feb42f7c39d676be74691e4139fd20e2cfa824522c7e70b04ec433a3
1939,2015,d58c8b376dc99a38f16a910a36d902bd0833de5cdb84c501aea8dcbccf45b336
2008,2016,73ae0296ff41badd8bd39c757aaf3d8e25d02ba1808d2c572c6d5182d9d2b339
2017,2018,0ae866c4feb42f7c39d676be74691e4139fd20e2cfa824522c7e70b04ec433a3
1939,2010,349fc7d66f50fe5d1d96c9e307112a4fc1fc319f69d11717adf12a73262227ce
2017,2017,d442082969642bd89738987154d6c9264c30d2332d5c8fa98443a9ee505bfb3a
2017,2018,0ae866c4feb42f7c39d676be74691e4139fd20e2cfa824522c7e70b04ec433a3
1931,2016,446466b9dc1e2c659edd52efadd60c2150df2d7b70ae1dc38dd1e6e23f8b16ed
1977,2012,0e78dd4fb711372e903990aeaa0a1f1fe27004c5f6d9fc861d37aa4a9ddc16e8
2018,2018,ae899de273cd75984359192e28b80b614da4e1eab9134d9cdad4de2f4051594e
2009,2017,d2a73c64ef575d70173c0b4934194233f1ff12e6b3ac906e349b06b62e66a9ff
2017,2018,0ae866c4feb42f7c39d676be74691e4139fd20e2cfa824522c7e70b04ec433a3
2008,2017,dabb61cc33870e155ab6aa807e94cb9f16dc357b850b2879557d831c6c237c5a
1931,1977,052882e6d80bde680c7187cea61acdcb62dbbc21b9b87826763c7efe99133a1f
2009,2015,4082f28143091ccdb06d3af80482cf26fe2b12f53c51e22c7321fa10614a6d07
1939,2010,349fc7d66f50fe5d1d96c9e307112a4fc1fc319f69d11717adf12a73262227ce
1979,2017,4b8706ae72444b4a028910038637a71502b5d0c10eb2d7f8efed2831e3a59096
2018,2018,ae899de273cd75984359192e28b80b614da4e1eab9134d9cdad4de2f4051594e
2017,2017,d442082969642bd89738987154d6c9264c30d2332d5c8fa98443a9ee505bfb3a
2018,2018,ae899de273cd75984359192e28b80b614da4e1eab9134d9cdad4de2f4051594e
2018,2018,ae899de273cd75984359192e28b80b614da4e1eab9134d9cdad4de2f4051594e
2015,2015,397bd964383d485962490ed8f7f8bdca5036c5099d7583daec2288783375ed00
2016,2018,47115e668598b3179e73f63445b816160eb1efca72344a72a070c626d3e7daea
1977,2017,cab27c84de4b45b5a007e70c0f63f9d5b47ff49c66ded79d4d2d61a2a5c1f643
2017,2017,d442082969642bd89738987154d6c9264c30d2332d5c8fa98443a9ee505bfb3a
2015,2017,883b8142f308e732feb42835a58746df8d014580f6545b0bf056da2ee69d50c3
1946,1956,1e8825815be0cee6fbefa150df44352de479d6fdb024f824314867375b2b0ea0
1986,2017,361aee12de222eca4ca2d9a12cc07438c6d113eb5d9c4bc4b330dc43b9742a56
2015,2015,397bd964383d485962490ed8f7f8bdca5036c5099d7583daec2288783375ed00
1979,2018,9bd137930edf0ef24df6b0b55e572755c9fb8a2f23ef2720486a7ca64ce9d574
2011,2015,33d60f35035b54746905590b975af420b5cbc6955ec6cfcf5f53c8cca7785cdc
2017,2017,d442082969642bd89738987154d6c9264c30d2332d5c8fa98443a9ee505bfb3a
2016,2017,e6aa79db1d97e4938bde398be46b1e0b29d6d33fc1bdd3ce78a31935e0320c50
2017,2017,d442082969642bd89738987154d6c9264c30d2332d5c8fa98443a9ee505bfb3a
2017,2018,0ae866c4feb42f7c39d676be74691e4139fd20e2cfa824522c7e70b04ec433a3
2017,2018,0ae866c4feb42f7c39d676be74691e4139fd20e2cfa824522c7e70b04ec433a3
1922,2018,1de08aa11aea3975f1cb26a5496b3be83a37146dff324bbd2d20481827a76081
1937,1939,236e235fd567652681c2dfacd803a8dbf81cde8a6daf5dc50d5d5b75bb41a433
1956,1977,158eec32f0df791e4160677262f12d2a9adf2bd79af58d0efacd4bce56defc63
1935,2015,d499fd50b790a03aa222738f96f31ac7b81966f94712148b7ee74a6b4d9ebd09
2011,2015,33d60f35035b54746905590b975af420b5cbc6955ec6cfcf5f53c8cca7785cdc
1979,2010,82155cb8ae1ef21f66401acc66fa96bb24d27560f9b9a7d336e2baf56d23522e
2018,2018,ae899de273cd75984359192e28b80b614da4e1eab9134d9cdad4de2f4051594e
2016,2017,e6aa79db1d97e4938bde398be46b1e0b29d6d33fc1bdd3ce78a31935e0320c50
2015,2016,de8927794db5fefa7e0824469038f123eb00ab056b90fc4359a420828086d30e
1982,2016,065fc481932403b51671b772b490c7d6047cf6873c0c394162c01fead901128e
1931,2015,945aaa4c555a1ac948aa57bc6f31b19658381be97561c3400e9261174387fa86
1940,2016,acc35ebd079cea00e07e2f3d179c1561c638000cfcd2f067f7ef35a4c88e29fe
1982,2018,632a5d0621ac64687bfce21ebd11bfba52d32f0eeeaff79faee2f3d9e0ab4e2c
1964,2017,5053197a74fded3740568bbf568d71fb28da9e98fa9828adae52b4b886751592
1927,2017,6abf8980919248290e7017c8fdfccba1c44a34dc12a74c04a7796b5167e0861c
2009,2017,d2a73c64ef575d70173c0b4934194233f1ff12e6b3ac906e349b06b62e66a9ff
1946,1979,32c970c0e227813d0df54e36a3b067a6343c078c969cdca58d91a7ffb2f5cda4
2016,2018,47115e668598b3179e73f63445b816160eb1efca72344a72a070c626d3e7daea
2017,2018,0ae866c4feb42f7c39d676be74691e4139fd20e2cfa824522c7e70b04ec433a3
2017,2018,0ae866c4feb42f7c39d676be74691e4139fd20e2cfa824522c7e70b04ec433a3
1922,1946,2b2296d1c182fcb716b4577fe25310e0810bd47c89184d24cadfd35c19ddc191
1982,2018,632a5d0621ac64687bfce21ebd11bfba52d32f0eeeaff79faee2f3d9e0ab4e2c
2015,2018,ca5321c88429f35111ba3c3ddf5d01fc4b2f4adc7bd7487828d6288765d041b5
1937,2017,02c7707003ed7ea0443616f36dec2102e6629a1431d764fef0f070c961d1114d
2008,2018,b34d8f6c9176f692347442386a136f4ea008174c0ebe521a26d9db40f82b14ee
2017,2018,0ae866c4feb42f7c39d676be74691e4139fd20e2cfa824522c7e70b04ec433a3
2012,2018,eb2420936c99ae0c0874edc8b95224ff583686337e21abf7b7c72a9e7e85f54c
2016,2017,e6aa79db1d97e4938bde398be46b1e0b29d6d33fc1bdd3ce78a31935e0320c50
2017,2018,0ae866c4feb42f7c39d676be74691e4139fd20e2cfa824522c7e70b04ec433a3
1986,2010,7b6b00bfb9be321c0046112c7c0b2d9a1e1955d0f7acd00f67541b016a7a3168
2017,2018,0ae866c4feb42f7c39d676be74691e4139fd20e2cfa824522c7e70b04ec433a3
2013,2018,e5f55f3667eb2b1197c21f62c403719ffe23501c0d180724c00d7ab7d3507794
1939,2018,e30f8d3ee2cbd74a0fed973a747e774ddd16fdfd6da561543b13e41b8d2af247
1922,1946,2b2296d1c182fcb716b4577fe25310e0810bd47c89184d24cadfd35c19ddc191
2016,2017,e6aa79db1d97e4938bde398be46b1e0b29d6d33fc1bdd3ce78a31935e0320c50
2018,2018,ae899de273cd75984359192e28b80b614da4e1eab9134d9cdad4de2f4051594e
2008,2017,dabb61cc33870e155ab6aa807e94cb9f16dc357b850b2879557d831c6c237c5a
2015,2017,883b8142f308e732feb42835a58746df8d014580f6545b0bf056da2ee69d50c3
1940,2018,a625575eb43580eba97b10fad6d5cceb693fb3afc293e0b8ff8483191cf63103
2017,2017,d442082969642bd89738987154d6c9264c30d2332d5c8fa98443a9ee505bfb3a
2017,2018,0ae866c4feb42f7c39d676be74691e4139fd20e2cfa824522c7e70b04ec433a3
2017,2017,d442082969642bd89738987154d6c9264c30d2332d5c8fa98443a9ee505bfb3a
2017,2018,0ae866c4feb42f7c39d676be74691e4139fd20e2cfa824522c7e70b04ec433a3
2018,2018,ae899de273cd75984359192e28b80b614da4e1eab9134d9cdad4de2f4051594e
2011,2012,94cf637767e0d1c1f6da3ee5a663b119a9263da08e39c02acc681027adbe74f3
1984,2017,d3a3f1513cee9c43f22cc9a5ef7dd356565c3f53ae37cc073167ae7b66b8130f
1979,1984,2bf768f26003c751704d348ab23d4c7f7c730982505e4d01edf6de484d718fe8
2013,2016,4a29f8600c985cee97966965e9a159a773e4443949d92df0aaf8abbdc81f757f
1922,1946,2b2296d1c182fcb716b4577fe25310e0810bd47c89184d24cadfd35c19ddc191
2009,2011,2c8f57493122111ac2cc79cf6a658e156d1231c1d2abf62e6f42208212362dc3
2018,2018,ae899de273cd75984359192e28b80b614da4e1eab9134d9cdad4de2f4051594e
2009,2017,d2a73c64ef575d70173c0b4934194233f1ff12e6b3ac906e349b06b62e66a9ff
1979,1984,2bf768f26003c751704d348ab23d4c7f7c730982505e4d01edf6de484d718fe8
2008,2016,73ae0296ff41badd8bd39c757aaf3d8e25d02ba1808d2c572c6d5182d9d2b339
1927,1931,a2a8e6b22af9d9c04270ad415fba2fe51e3431dc9cd39ae3234ab6d532375260
2017,2017,d442082969642bd89738987154d6c9264c30d2332d5c8fa98443a9ee505bfb3a
2015,2017,883b8142f308e732feb42835a58746df8d014580f6545b0bf056da2ee69d50c3
2017,2017,d442082969642bd89738987154d6c9264c30d2332d5c8fa98443a9ee505bfb3a
2011,2016,29a11f32e7b4cb4995691b9ac51865c66f5a7ccc55788ea599488634fa469b2d
2017,2017,d442082969642bd89738987154d6c9264c30d2332d5c8fa98443a9ee505bfb3a
2017,2017,d442082969642bd89738987154d6c9264c30d2332d5c8fa98443a9ee505bfb3a
2012,2015,9af77dfc7a8be2d1507a55ae47aaed4da8377e382bbe1d5a73132a33cc753196
1984,2017,d3a3f1513cee9c43f22cc9a5ef7dd356565c3f53ae37cc073167ae7b66b8130f
2018,2018,ae899de273cd75984359192e28b80b614da4e1eab9134d9cdad4de2f4051594e
2017,2017,d442082969642bd89738987154d6c9264c30d2332d5c8fa98443a9ee505bfb3a
1956,2018,9c1a96fc994c013c65c7a5ca393547f21d43ae56341a22b051f6c2c8b6fd2acb
2016,2018,47115e668598b3179e73f63445b816160eb1efca72344a72a070c626d3e7daea
2017,2017,d442082969642bd89738987154d6c9264c30d2332d5c8fa98443a9ee505bfb3a
1922,2015,c105f1b4a0e95c645675aaeaf91352d0d411fedefa594e7c5bba021065220ccb
1979,2017,4b8706ae72444b4a028910038637a71502b5d0c10eb2d7f8efed2831e3a59096
1956,1956,cb9cffe72e8033327c5d843ef08122178f42a9ec8b1f17d15c2a84daa51b9851
2018,2018,ae899de273cd75984359192e28b80b614da4e1eab9134d9cdad4de2f4051594e
2013,2017,0d53bef627c80c58f08df9b2e82efdfe77dd098f5fc3a77486e79e600c20b8a5
1979,2016,5648fe84776bf91fe08d8cc1235ff4ca1920a96a58cab4d0f9b69264b07b8b4f
2017,2018,0ae866c4feb42f7c39d676be74691e4139fd20e2cfa824522c7e70b04ec433a3
2015,2017,883b8142f308e732feb42835a58746df8d014580f6545b0bf056da2ee69d50c3
1956,2018,9c1a96fc994c013c65c7a5ca393547f21d43ae56341a22b051f6c2c8b6fd2acb
1935,2015,d499fd50b790a03aa222738f96f31ac7b81966f94712148b7ee74a6b4d9ebd09
2012,2015,9af77dfc7a8be2d1507a55ae47aaed4da8377e382bbe1d5a73132a33cc753196
2015,2018,ca5321c88429f35111ba3c3ddf5d01fc4b2f4adc7bd7487828d6288765d041b5
1927,2008,67cbebd79a8109940001a1569f41364a278222f7678249245fd536e925685976
2017,2018,0ae866c4feb42f7c39d676be74691e4139fd20e2cfa824522c7e70b04ec433a3
1946,2018,4afca689421c9ca61bacea86dc14194b8a04aeaf758984d054da31edbfcf9148
2016,2017,e6aa79db1d97e4938bde398be46b1e0b29d6d33fc1bdd3ce78a31935e0320c50
1940,2016,acc35ebd079cea00e07e2f3d179c1561c638000cfcd2f067f7ef35a4c88e29fe
2017,2018,0ae866c4feb42f7c39d676be74691e4139fd20e2cfa824522c7e70b04ec433a3
1982,2016,065fc481932403b51671b772b490c7d6047cf6873c0c394162c01fead901128e
2015,2016,de8927794db5fefa7e0824469038f123eb00ab056b90fc4359a420828086d30e
1935,2016,52ca2f896f9c7b57af819af81a65152d5393ab51c9926b0b502514400190f633
2017,2018,0ae866c4feb42f7c39d676be74691e4139fd20e2cfa824522c7e70b04ec433a3
2012,2018,eb2420936c99ae0c0874edc8b95224ff583686337e21abf7b7c72a9e7e85f54c
2016,2018,47115e668598b3179e73f63445b816160eb1efca72344a72a070c626d3e7daea
2017,2018,0ae866c4feb42f7c39d676be74691e4139fd20e2cfa824522c7e70b04ec433a3
1984,2017,d3a3f1513cee9c43f22cc9a5ef7dd356565c3f53ae37cc073167ae7b66b8130f
1982,2018,632a5d0621ac64687bfce21ebd11bfba52d32f0eeeaff79faee2f3d9e0ab4e2c
1939,2018,e30f8d3ee2cbd74a0fed973a747e774ddd16fdfd6da561543b13e41b8d2af247
2017,2017,d442082969642bd89738987154d6c9264c30d2332d5c8fa98443a9ee505bfb3a
1927,1984,9e84fe3aa71435ec1240dc14edced9d03b69e3664d82aacb455d70cc88f6a47d
2017,2018,0ae866c4feb42f7c39d676be74691e4139fd20e2cfa824522c7e70b04ec433a3
1977,2010,f8b4bbaf02d6b1f0786bbb319d4c58d136271d6c31ae9ab511f75c8e212c9a5a
1982,2017,85f39f53112ff59736923fddf26f09081b88199e2951f83dff09414d8a9f80b6
2017,2017,d442082969642bd89738987154d6c9264c30d2332d5c8fa98443a9ee505bfb3a
2012,2017,ff4bd29e3f7c5db93cbb383c253515ffa03decbe044eaf28de60124bcbdc5b2e
2016,2017,e6aa79db1d97e4938bde398be46b1e0b29d6d33fc1bdd3ce78a31935e0320c50
2008,2017,dabb61cc33870e155ab6aa807e94cb9f16dc357b850b2879557d831c6c237c5a
1946,2009,3e0c1864f46969f3887595430e6eeec53fdd5f2a51ed944f5ffff3cd89294a06
2017,2017,d442082969642bd89738987154d6c9264c30d2332d5c8fa98443a9ee505bfb3a
2017,2017,d442082969642bd89738987154d6c9264c30d2332d5c8fa98443a9ee505bfb3a
2009,2017,d2a73c64ef575d70173c0b4934194233f1ff12e6b3ac906e349b06b62e66a9ff
1956,2012,c7c9833a214d3ec5db1b23c4807b95ef43aa6a4304d20f0f638fe4ef52927f82
1946,1984,0d3fe28c27216be5c28a2676f8d58343b1fa0451cba13fcce1bd8e20576cb9b3
1940,2017,407cad9925681e94423c95dc29a8699ee8df5af87fd7295da4e65f04f0f8a634
2017,2017,d442082969642bd89738987154d6c9264c30d2332d5c8fa98443a9ee505bfb3a
1979,2018,9bd137930edf0ef24df6b0b55e572755c9fb8a2f23ef2720486a7ca64ce9d574
1940,1977,c9a9153d7fe171273f418f27d006dc52b7d93513e1908a3e7fe576992d14508a
1935,1986,a92ce9b5c347166cc77a68755073601d96ab305ad8e67cd5404c445b6885e87c
2009,2013,11a9d61b8325151533a4f52c39b3c470c4e81a2c882fc14f7e8ced2e77ef9da2
2017,2017,d442082969642bd89738987154d6c9264c30d2332d5c8fa98443a9ee505bfb3a
2017,2018,0ae866c4feb42f7c39d676be74691e4139fd20e2cfa824522c7e70b04ec433a3
2017,2017,d442082969642bd89738987154d6c9264c30d2332d5c8fa98443a9ee505bfb3a
1964,2011,7686dc1f3b5254dbab5576627902fe7bcd4b95d9ea9ddb0c6434e779a033ee42
1946,2018,4afca689421c9ca61bacea86dc14194b8a04aeaf758984d054da31edbfcf9148
1935,1982,29879be88381d0a6c7363bccac096f5ae0b8a2a86ec5c5dcab3e599c44ef8278
2017,2018,0ae866c4feb42f7c39d676be74691e4139fd20e2cfa824522c7e70b04ec433a3
2011,2016,29a11f32e7b4cb4995691b9ac51865c66f5a7ccc55788ea599488634fa469b2d
2017,2017,d442082969642bd89738987154d6c9264c30d2332d5c8fa98443a9ee505bfb3a
2017,2017,d442082969642bd89738987154d6c9264c30d2332d5c8fa98443a9ee505bfb3a
1964,2016,0fa745f9b97a3ea2fddbc06530a3940df4788445f10a586fe76604fa275391f4
1946,2018,4afca689421c9ca61bacea86dc14194b8a04aeaf758984d054da31edbfcf9148
1977,2015,004efed00e627af70f1d12f0d388e3567c91b83bd34e51663e1893e6145ed4ae
2017,2017,d442082969642bd89738987154d6c9264c30d2332d5c8fa98443a9ee505bfb3a
2018,2018,ae899de273cd75984359192e28b80b614da4e1eab9134d9cdad4de2f4051594e
2016,2017,e6aa79db1d97e4938bde398be46b1e0b29d6d33fc1bdd3ce78a31935e0320c50
2016,2017,e6aa79db1d97e4938bde398be46b1e0b29d6d33fc1bdd3ce78a31935e0320c50
1939,2015,d58c8b376dc99a38f16a910a36d902bd0833de5cdb84c501aea8dcbccf45b336
2017,2018,0ae866c4feb42f7c39d676be74691e4139fd20e2cfa824522c7e70b04ec433a3
2017,2017,d442082969642bd89738987154d6c9264c30d2332d5c8fa98443a9ee505bfb3a
2017,2017,d442082969642bd89738987154d6c9264c30d2332d5c8fa98443a9ee505bfb3a
2011,2018,0792e925ad8b31d3ea9a4de8e0ced81fb95659cfaf5347e8efc0834a343fe974
2015,2017,883b8142f308e732feb42835a58746df8d014580f6545b0bf056da2ee69d50c3
2010,2015,567e80745794cf622e48cd6b7ab71a307613d8e64f46b19392dba7c25d675169
2018,2018,ae899de273cd75984359192e28b80b614da4e1eab9134d9cdad4de2f4051594e
1939,1940,aed646092d95ed18e5cc084ecbc63494d873aa89b549ddd6797d530030696b80
2016,2018,47115e668598b3179e73f63445b816160eb1efca72344a72a070c626d3e7daea
2015,2016,de8927794db5fefa7e0824469038f123eb00ab056b90fc4359a420828086d30e
1931,2018,69ac48368261a85c0a5ace3316d3cdd307d4c826b0ef052768481dc75d84051e
1986,2018,4e527e128b06d33f40a3967d431fa4c2150747a65045b06fb3650f5474401fff
2017,2018,0ae866c4feb42f7c39d676be74691e4139fd20e2cfa824522c7e70b04ec433a3
2017,2017,d442082969642bd89738987154d6c9264c30d2332d5c8fa98443a9ee505bfb3a
2017,2018,0ae866c4feb42f7c39d676be74691e4139fd20e2cfa824522c7e70b04ec433a3
2017,2017,d442082969642bd89738987154d6c9264c30d2332d5c8fa98443a9ee505bfb3a
2012,2017,ff4bd29e3f7c5db93cbb383c253515ffa03decbe044eaf28de60124bcbdc5b2e
2017,2017,d442082969642bd89738987154d6c9264c30d2332d5c8fa98443a9ee505bfb3a
2016,2017,e6aa79db1d97e4938bde398be46b1e0b29d6d33fc1bdd3ce78a31935e0320c50
2018,2018,ae899de273cd75984359192e28b80b614da4e1eab9134d9cdad4de2f4051594e
2018,2018,ae899de273cd75984359192e28b80b614da4e1eab9134d9cdad4de2f4051594e
2018,2018,ae899de273cd75984359192e28b80b614da4e1eab9134d9cdad4de2f4051594e
2017,2018,0ae866c4feb42f7c39d676be74691e4139fd20e2cfa824522c7e70b04ec433a3
2009,2009,5e79da38e8f46f6e2d7fda777d2d4c6e8d70bce7560c8cd76d6115afeb28cf63
2008,2018,b34d8f6c9176f692347442386a136f4ea008174c0ebe521a26d9db40f82b14ee
2017,2018,0ae866c4feb42f7c39d676be74691e4139fd20e2cfa824522c7e70b04ec433a3
1977,2011,63fb6908e9b5368997b39f4cba92d6b3bbe8d86c0e263079955bb202d008ab7e
2017,2018,0ae866c4feb42f7c39d676be74691e4139fd20e2cfa824522c7e70b04ec433a3
2017,2017,d442082969642bd89738987154d6c9264c30d2332d5c8fa98443a9ee505bfb3a
1956,2018,9c1a96fc994c013c65c7a5ca393547f21d43ae56341a22b051f6c2c8b6fd2acb
1937,1946,8c50993598f3ee77c42af921ca3c1b74bbbe720ae953ecd3e5236898cf141824
1956,2017,72778f579b47d0ae5cfdfc7647042ef3190e29d6b68b3a0e0545f5498be913a6
2018,2018,ae899de273cd75984359192e28b80b614da4e1eab9134d9cdad4de2f4051594e
1964,2017,5053197a74fded3740568bbf568d71fb28da9e98fa9828adae52b4b886751592
1946,2012,f2b89b92fc747afe0a080c651db35816e4d83351658f9a1ebb3773e46fb85af0
2017,2018,0ae866c4feb42f7c39d676be74691e4139fd20e2cfa824522c7e70b04ec433a3
1940,2015,26977755782a4909011802246333716cb0acb4d649577423d592244d69928404
1984,2010,41d476febc554013c0a1730e39ea0636b733dcd562519d5d20412cbcd94233d2
2018,2018,ae899de273cd75984359192e28b80b614da4e1eab9134d9cdad4de2f4051594e
2015,2018,ca5321c88429f35111ba3c3ddf5d01fc4b2f4adc7bd7487828d6288765d041b5
2018,2018,ae899de273cd75984359192e28b80b614da4e1eab9134d9cdad4de2f4051594e
1977,2015,004efed00e627af70f1d12f0d388e3567c91b83bd34e51663e1893e6145ed4ae
1946,2017,5ad06cd476c1caeff49c9426e03c268447e8baef23615e895c4b57b0d5f4ca12
2010,2017,45c3eee4664680622b1c77bca9e81452a5a3a311017c52c78a9310aa685b6c00
2009,2017,d2a73c64ef575d70173c0b4934194233f1ff12e6b3ac906e349b06b62e66a9ff
2008,2010,faeadca89d268bc748831494f79eb5987cce77f98ae14307c2886ec916d6df73
2017,2017,d442082969642bd89738987154d6c9264c30d2332d5c8fa98443a9ee505bfb3a
2013,2017,0d53bef627c80c58f08df9b2e82efdfe77dd098f5fc3a77486e79e600c20b8a5
1935,2017,d209c8625b8d0827389adeda974bf4ac59d392fb356c2d79dff03d2b8edf0093
2017,2017,d442082969642bd89738987154d6c9264c30d2332d5c8fa98443a9ee505bfb3a
1977,2017,cab27c84de4b45b5a007e70c0f63f9d5b47ff49c66ded79d4d2d61a2a5c1f643
2017,2018,0ae866c4feb42f7c39d676be74691e4139fd20e2cfa824522c7e70b04ec433a3
2017,2017,d442082969642bd89738987154d6c9264c30d2332d5c8fa98443a9ee505bfb3a
2013,2017,0d53bef627c80c58f08df9b2e82efdfe77dd098f5fc3a77486e79e600c20b8a5
2015,2016,de8927794db5fefa7e0824469038f123eb00ab056b90fc4359a420828086d30e
2009,2017,d2a73c64ef575d70173c0b4934194233f1ff12e6b3ac906e349b06b62e66a9ff
1927,1946,fd751577d32f887ccf43b57045dcde62a96f3e5fcc9bbc0beb9754bb26afebf1
2017,2017,d442082969642bd89738987154d6c9264c30d2332d5c8fa98443a9ee505bfb3a
2017,2017,d442082969642bd89738987154d6c9264c30d2332d5c8fa98443a9ee505bfb3a
1940,2017,407cad9925681e94423c95dc29a8699ee8df5af87fd7295da4e65f04f0f8a634
1939,1956,b785393ed43faa2c190521a8197bb0df1c946488eaae25df61fe9cdeebbaae2b
2017,2018,0ae866c4feb42f7c39d676be74691e4139fd20e2cfa824522c7e70b04ec433a3
1986,2013,88f4c3fcb914892636f6c7ac87c2c4ce283ff8745c6186292fdaa9879e056367
2010,2017,45c3eee4664680622b1c77bca9e81452a5a3a311017c52c78a9310aa685b6c00
2011,2016,29a11f32e7b4cb4995691b9ac51865c66f5a7ccc55788ea599488634fa469b2d
2015,2018,ca5321c88429f35111ba3c3ddf5d01fc4b2f4adc7bd7487828d6288765d041b5
2016,2017,e6aa79db1d97e4938bde398be46b1e0b29d6d33fc1bdd3ce78a31935e0320c50
2010,2016,0d428d1a5e83db5aaaf1965a403b352af6749e9d2048886c11a4e096caed8bd9
2017,2017,d442082969642bd89738987154d6c9264c30d2332d5c8fa98443a9ee505bfb3a
1986,2017,361aee12de222eca4ca2d9a12cc07438c6d113eb5d9c4bc4b330dc43b9742a56
2012,2013,0d3e7b31de631e2ac9cfdd10f32adce8ddc51bad321ca1ca3c096328aa4ad2cf
2011,2018,0792e925ad8b31d3ea9a4de8e0ced81fb95659cfaf5347e8efc0834a343fe974
2015,2015,397bd964383d485962490ed8f7f8bdca5036c5099d7583daec2288783375ed00
2016,2017,e6aa79db1d97e4938bde398be46b1e0b29d6d33fc1bdd3ce78a31935e0320c50
1946,2018,4afca689421c9ca61bacea86dc14194b8a04aeaf758984d054da31edbfcf9148
1927,1982,cc56b6bd7829d27071bd7e0053fdc2762c3880713e4fed4030bafce233b8af28
1986,2012,e310bcff101c93f364f2feecbc891ba9499a740f132357170f24aac90046468a
2015,2017,883b8142f308e732feb42835a58746df8d014580f6545b0bf056da2ee69d50c3
2018,2018,ae899de273cd75984359192e28b80b614da4e1eab9134d9cdad4de2f4051594e
2016,2017,e6aa79db1d97e4938bde398be46b1e0b29d6d33fc1bdd3ce78a31935e0320c50
1922,2018,1de08aa11aea3975f1cb26a5496b3be83a37146dff324bbd2d20481827a76081
2017,2018,0ae866c4feb42f7c39d676be74691e4139fd20e2cfa824522c7e70b04ec433a3
1927,1979,4359629b7258193ca35474eaacfef5ae5adf09268b2ba892e7651385d49e25e4
2016,2017,e6aa79db1d97e4938bde398be46b1e0b29d6d33fc1bdd3ce78a31935e0320c50
2012,2018,eb2420936c99ae0c0874edc8b95224ff583686337e21abf7b7c72a9e7e85f54c
1956,2017,72778f579b47d0ae5cfdfc7647042ef3190e29d6b68b3a0e0545f5498be913a6
1927,1977,f574367667adc027ae284c9b220b8cd1f7b567717b2d7da20422ce7ffe154292
2017,2017,d442082969642bd89738987154d6c9264c30d2332d5c8fa98443a9ee505bfb3a
2018,2018,ae899de273cd75984359192e28b80b614da4e1eab9134d9cdad4de2f4051594e
1937,2015,123f7c1e3d6e4f3b15857f2fe261cade6d3d1df257d97c0f4b79736a92c2d0a9
1956,2016,ad405655f86335768d5a694fe7aa17b1b3debac5f185978f8ac55ff6c6054724
2017,2018,0ae866c4feb42f7c39d676be74691e4139fd20e2cfa824522c7e70b04ec433a3
1984,2017,d3a3f1513cee9c43f22cc9a5ef7dd356565c3f53ae37cc073167ae7b66b8130f
1927,2010,dabd8b4bbc66b6b3511771238bc94c35d2a440bace13491f7fb415826cb5a1b3
2016,2016,df5053869911197a7151cf259b970c69792440ca88e2440a7c29aa51e8a84c9d
2017,2018,0ae866c4feb42f7c39d676be74691e4139fd20e2cfa824522c7e70b04ec433a3
1939,2015,d58c8b376dc99a38f16a910a36d902bd0833de5cdb84c501aea8dcbccf45b336
1982,2011,1a7efee9a56c18c045632ab35844b728d2e0b8932b9882ec2b600c4814f16707
2017,2017,d442082969642bd89738987154d6c9264c30d2332d5c8fa98443a9ee505bfb3a
2018,2018,ae899de273cd75984359192e28b80b614da4e1eab9134d9cdad4de2f4051594e
1931,1964,391e4d814987c3c36c822fc85d634acf26b19a0de1d6e6e83754714b5b3da328
1977,2017,cab27c84de4b45b5a007e70c0f63f9d5b47ff49c66ded79d4d2d61a2a5c1f643
2017,2018,0ae866c4feb42f7c39d676be74691e4139fd20e2cfa824522c7e70b04ec433a3
1935,1956,122b483880f81f252b2dab526269d7ed33d4be8e987b1db496f561a0bee20475
1935,2016,52ca2f896f9c7b57af819af81a65152d5393ab51c9926b0b502514400190f633
2017,2018,0ae866c4feb42f7c39d676be74691e4139fd20e2cfa824522c7e70b04ec433a3
2009,2018,1774ce81f5a0dc15cd170811c79c78e0861a14a6593b17f87365fcf19d802d55
2018,2018,ae899de273cd75984359192e28b80b614da4e1eab9134d9cdad4de2f4051594e
2016,2017,e6aa79db1d97e4938bde398be46b1e0b29d6d33fc1bdd3ce78a31935e0320c50
1986,2017,361aee12de222eca4ca2d9a12cc07438c6d113eb5d9c4bc4b330dc43b9742a56
2017,2017,d442082969642bd89738987154d6c9264c30d2332d5c8fa98443a9ee505bfb3a
2017,2018,0ae866c4feb42f7c39d676be74691e4139fd20e2cfa824522c7e70b04ec433a3
2016,2018,47115e668598b3179e73f63445b816160eb1efca72344a72a070c626d3e7daea
2017,2018,0ae866c4feb42f7c39d676be74691e4139fd20e2cfa824522c7e70b04ec433a3
1986,2015,b8b726c7a8bbebc3d6bed444357bd96f8ad9a32ac00450357c018c7defd6d787
1939,1946,5dd2d62b34b64e16270de26ec83707429138319324e88874a9d351821942815d
2018,2018,ae899de273cd75984359192e28b80b614da4e1eab9134d9cdad4de2f4051594e
2016,2017,e6aa79db1d97e4938bde398be46b1e0b29d6d33fc1bdd3ce78a31935e0320c50
2008,2015,a5906886cd60f79ed858449c026c88fab7b1969b551134d23f127ac58005394a
2015,2015,397bd964383d485962490ed8f7f8bdca5036c5099d7583daec2288783375ed00
2018,2018,ae899de273cd75984359192e28b80b614da4e1eab9134d9cdad4de2f4051594e
2010,2017,45c3eee4664680622b1c77bca9e81452a5a3a311017c52c78a9310aa685b6c00
2017,2018,0ae866c4feb42f7c39d676be74691e4139fd20e2cfa824522c7e70b04ec433a3
2017,2018,0ae866c4feb42f7c39d676be74691e4139fd20e2cfa824522c7e70b04ec433a3
2017,2017,d442082969642bd89738987154d6c9264c30d2332d5c8fa98443a9ee505bfb3a
2011,2017,2455b0b5e2b783414cef0f7f6bdb8bad79eaefc4367f0c6fd32f22c8ff49a873
2013,2018,e5f55f3667eb2b1197c21f62c403719ffe23501c0d180724c00d7ab7d3507794
2016,2017,e6aa79db1d97e4938bde398be46b1e0b29d6d33fc1bdd3ce78a31935e0320c50
1956,2010,3fe56e3b8a4fb5ef0e3ed51047e4ebb2aaa7d5023d2288bfe80972fe0c44f447
1922,1937,df9d1718b5e69ffdcfc667b93cd08c69c52b0fa5efd1e9c07a04c4a5a270f3aa
2017,2017,d442082969642bd89738987154d6c9264c30d2332d5c8fa98443a9ee505bfb3a
2008,2011,c7e62a4b0dd0deb56361e3258de570917e0ad8f799d7050db5d102e3b11edf4e
1931,1935,6cb32ca5357a125177cbfece078decb9607d82943b0cff92d89cf0c7f019b670
2012,2017,ff4bd29e3f7c5db93cbb383c253515ffa03decbe044eaf28de60124bcbdc5b2e
2010,2017,45c3eee4664680622b1c77bca9e81452a5a3a311017c52c78a9310aa685b6c00
2008,2016,73ae0296ff41badd8bd39c757aaf3d8e25d02ba1808d2c572c6d5182d9d2b339
1940,1986,a22c38f61e302c05bcc0cb34613f25fb0ef2ea661324d5e0cb7a0ea1e123c492
2017,2018,0ae866c4feb42f7c39d676be74691e4139fd20e2cfa824522c7e70b04ec433a3
1937,1964,d3e84dd132b76d522cdc5b2b3f818c83b431230910d34cd707f91e96da09991c
2015,2017,883b8142f308e732feb42835a58746df8d014580f6545b0bf056da2ee69d50c3
1922,1937,df9d1718b5e69ffdcfc667b93cd08c69c52b0fa5efd1e9c07a04c4a5a270f3aa
2017,2018,0ae866c4feb42f7c39d676be74691e4139fd20e2cfa824522c7e70b04ec433a3
1927,1946,fd751577d32f887ccf43b57045dcde62a96f3e5fcc9bbc0beb9754bb26afebf1
2017,2018,0ae866c4feb42f7c39d676be74691e4139fd20e2cfa824522c7e70b04ec433a3
1977,1984,3491d49cdcb64a8355d1227af80067693c920dc80798e0d871fc4a1c815bfa2c
1935,2018,09aa47b8d36bfdd98a53ae89771ac61583bb45cb1882d5e691f7c0a9ab31bec4
2017,2018,0ae866c4feb42f7c39d676be74691e4139fd20e2cfa824522c7e70b04ec433a3
1946,2016,adabda6187bd88d73e47c3e719b7a01beb837e8b67f2d9239a656cc63b79c3c9
2012,2015,9af77dfc7a8be2d1507a55ae47aaed4da8377e382bbe1d5a73132a33cc753196
1946,2016,adabda6187bd88d73e47c3e719b7a01beb837e8b67f2d9239a656cc63b79c3c9
2017,2018,0ae866c4feb42f7c39d676be74691e4139fd20e2cfa824522c7e70b04ec433a3
2016,2018,47115e668598b3179e73f63445b816160eb1efca72344a72a070c626d3e7daea
2011,2017,2455b0b5e2b783414cef0f7f6bdb8bad79eaefc4367f0c6fd32f22c8ff49a873
2017,2017,d442082969642bd89738987154d6c9264c30d2332d5c8fa98443a9ee505bfb3a
2017,2017,d442082969642bd89738987154d6c9264c30d2332d5c8fa98443a9ee505bfb3a
1939,1946,5dd2d62b34b64e16270de26ec83707429138319324e88874a9d351821942815d
2017,2017,d442082969642bd89738987154d6c9264c30d2332d5c8fa98443a9ee505bfb3a
2018,2018,ae899de273cd75984359192e28b80b614da4e1eab9134d9cdad4de2f4051594e
1946,2010,15118993fee8c15785c9fef85115824eeda6bcbe261864975f6041ffa97305cc
2017,2018,0ae866c4feb42f7c39d676be74691e4139fd20e2cfa824522c7e70b04ec433a3
2018,2018,ae899de273cd75984359192e28b80b614da4e1eab9134d9cdad4de2f4051594e
2017,2017,d442082969642bd89738987154d6c9264c30d2332d5c8fa98443a9ee505bfb3a
1922,2016,865cced9ef908a1a539137bc2dc7d63209dc6afc71da03de06f29afc902ac1a9
2013,2017,0d53bef627c80c58f08df9b2e82efdfe77dd098f5fc3a77486e79e600c20b8a5
2017,2018,0ae866c4feb42f7c39d676be74691e4139fd20e2cfa824522c7e70b04ec433a3
2017,2018,0ae866c4feb42f7c39d676be74691e4139fd20e2cfa824522c7e70b04ec433a3
1937,2010,9668a4ab0c830290daef17b6c68b7f71b179b810884be80d1538e66ce1e5c409
1984,2017,d3a3f1513cee9c43f22cc9a5ef7dd356565c3f53ae37cc073167ae7b66b8130f
2018,2018,ae899de273cd75984359192e28b80b614da4e1eab9134d9cdad4de2f4051594e
2018,2018,ae899de273cd75984359192e28b80b614da4e1eab9134d9cdad4de2f4051594e
2010,2017,45c3eee4664680622b1c77bca9e81452a5a3a311017c52c78a9310aa685b6c00
2018,2018,ae899de273cd75984359192e28b80b614da4e1eab9134d9cdad4de2f4051594e
1984,2010,41d476febc554013c0a1730e39ea0636b733dcd562519d5d20412cbcd94233d2
1927,2015,4c158b205f3cfaa5733e137716c05d814570ed6a34e118ffd45bca48fa39d967
2015,2018,ca5321c88429f35111ba3c3ddf5d01fc4b2f4adc7bd7487828d6288765d041b5
1940,2008,3e49d73507398ea5df1e7649bedc90b0952be73c2cb4418fa3eb66e37841b048
2017,2018,0ae866c4feb42f7c39d676be74691e4139fd20e2cfa824522c7e70b04ec433a3
2016,2017,e6aa79db1d97e4938bde398be46b1e0b29d6d33fc1bdd3ce78a31935e0320c50
2017,2018,0ae866c4feb42f7c39d676be74691e4139fd20e2cfa824522c7e70b04ec433a3
2017,2018,0ae866c4feb42f7c39d676be74691e4139fd20e2cfa824522c7e70b04ec433a3
1927,2011,109c65a5b50c9fee300c95f9c8082880531bad257e4d748f2f8ac0f7d164e51f
2017,2017,d442082969642bd89738987154d6c9264c30d2332d5c8fa98443a9ee505bfb3a
2018,2018,ae899de273cd75984359192e28b80b614da4e1eab9134d9cdad4de2f4051594e
2012,2017,ff4bd29e3f7c5db93cbb383c253515ffa03decbe044eaf28de60124bcbdc5b2e
2018,2018,ae899de273cd75984359192e28b80b614da4e1eab9134d9cdad4de2f4051594e
2016,2017,e6aa79db1d97e4938bde398be46b1e0b29d6d33fc1bdd3ce78a31935e0320c50
1984,2011,5d73d7bc611d98af69f2da7b47b923ca41fe72f45281627a7a857356e0535c5b
2009,2018,1774ce81f5a0dc15cd170811c79c78e0861a14a6593b17f87365fcf19d802d55
2016,2018,47115e668598b3179e73f63445b816160eb1efca72344a72a070c626d3e7daea
2010,2016,0d428d1a5e83db5aaaf1965a403b352af6749e9d2048886c11a4e096caed8bd9
2008,2017,dabb61cc33870e155ab6aa807e94cb9f16dc357b850b2879557d831c6c237c5a
2009,2015,4082f28143091ccdb06d3af80482cf26fe2b12f53c51e22c7321fa10614a6d07
1982,2009,a07e6844a03f28d8c9358cbffc761edc202ba412b526aece67330b71cf9528f0
1940,2015,26977755782a4909011802246333716cb0acb4d649577423d592244d69928404
2017,2018,0ae866c4feb42f7c39d676be74691e4139fd20e2cfa824522c7e70b04ec433a3
2017,2017,d442082969642bd89738987154d6c9264c30d2332d5c8fa98443a9ee505bfb3a
1946,1946,da6478fcf090f85afe697ba3b08382db084daeffce080bcecf5bea55fd59b4a4
1935,2009,ac34eead9273c42f5b2ed21a6a3540a99e14aafc31c500eab1429d799ce95a56
2017,2018,0ae866c4feb42f7c39d676be74691e4139fd20e2cfa824522c7e70b04ec433a3
2016,2017,e6aa79db1d97e4938bde398be46b1e0b29d6d33fc1bdd3ce78a31935e0320c50
1956,2016,ad405655f86335768d5a694fe7aa17b1b3debac5f185978f8ac55ff6c6054724
2013,2015,c459a11a88db398a9ab392412f8833b10b63a0e4b2a661376ec546338b3e82b7
1979,1979,0f2e6ef8b337001beb107c28d531cd0f594d626f43dab544318f1671f4e6cf35
1986,2013,88f4c3fcb914892636f6c7ac87c2c4ce283ff8745c6186292fdaa9879e056367
1931,1939,efd010924491f3b28a43a56f1bdfd748fb76167bd960b87b5b2023757ef986d4
1940,2017,407cad9925681e94423c95dc29a8699ee8df5af87fd7295da4e65f04f0f8a634
2017,2018,0ae866c4feb42f7c39d676be74691e4139fd20e2cfa824522c7e70b04ec433a3
1940,2013,15c7cf48f3a0628ee93d0eab5d7664760ae53ec317d4e1d42269e87c4e93ba7d
2009,2015,4082f28143091ccdb06d3af80482cf26fe2b12f53c51e22c7321fa10614a6d07
2017,2018,0ae866c4feb42f7c39d676be74691e4139fd20e2cfa824522c7e70b04ec433a3
1937,1986,1b353b082f9b48cc4dd78acaeada5644bc68400ed90d7ca03909e30cc07b8771
2017,2018,0ae866c4feb42f7c39d676be74691e4139fd20e2cfa824522c7e70b04ec433a3
1982,2016,065fc481932403b51671b772b490c7d6047cf6873c0c394162c01fead901128e
2017,2017,d442082969642bd89738987154d6c9264c30d2332d5c8fa98443a9ee505bfb3a
2016,2017,e6aa79db1d97e4938bde398be46b1e0b29d6d33fc1bdd3ce78a31935e0320c50
2015,2018,ca5321c88429f35111ba3c3ddf5d01fc4b2f4adc7bd7487828d6288765d041b5
1927,2015,4c158b205f3cfaa5733e137716c05d814570ed6a34e118ffd45bca48fa39d967
2017,2018,0ae866c4feb42f7c39d676be74691e4139fd20e2cfa824522c7e70b04ec433a3
1946,2015,739042fe1d156223f4cf524df48cada8f3af0c67e2434b50a4f965fa930dfaf1
1937,2017,02c7707003ed7ea0443616f36dec2102e6629a1431d764fef0f070c961d1114d
2015,2017,883b8142f308e732feb42835a58746df8d014580f6545b0bf056da2ee69d50c3
2018,2018,ae899de273cd75984359192e28b80b614da4e1eab9134d9cdad4de2f4051594e
2017,2018,0ae866c4feb42f7c39d676be74691e4139fd20e2cfa824522c7e70b04ec433a3
1977,2017,cab27c84de4b45b5a007e70c0f63f9d5b47ff49c66ded79d4d2d61a2a5c1f643
2017,2017,d442082969642bd89738987154d6c9264c30d2332d5c8fa98443a9ee505bfb3a
1931,1939,efd010924491f3b28a43a56f1bdfd748fb76167bd960b87b5b2023757ef986d4
1977,2016,8c5ebd0e6a291cf0791edc68436ffd1b922e3113dbb9e4dd905f4214159bd272
2017,2017,d442082969642bd89738987154d6c9264c30d2332d5c8fa98443a9ee505bfb3a
2017,2017,d442082969642bd89738987154d6c9264c30d2332d5c8fa98443a9ee505bfb3a
2015,2017,883b8142f308e732feb42835a58746df8d014580f6545b0bf056da2ee69d50c3
1979,2009,4f07a64307d5e962fba26d86f3a50eeaa49e5dad9eadf448c362a25bb97785cd
2017,2017,d442082969642bd89738987154d6c9264c30d2332d5c8fa98443a9ee505bfb3a
1940,2018,a625575eb43580eba97b10fad6d5cceb693fb3afc293e0b8ff8483191cf63103
1946,2017,5ad06cd476c1caeff49c9426e03c268447e8baef23615e895c4b57b0d5f4ca12
2018,2018,ae899de273cd75984359192e28b80b614da4e1eab9134d9cdad4de2f4051594e
1927,2010,dabd8b4bbc66b6b3511771238bc94c35d2a440bace13491f7fb415826cb5a1b3
2015,2016,de8927794db5fefa7e0824469038f123eb00ab056b90fc4359a420828086d30e
2017,2018,0ae866c4feb42f7c39d676be74691e4139fd20e2cfa824522c7e70b04ec433a3
1937,1982,479f0c3fd93ea2080f80a6ce9f67463cf22cf3b7c470b99995ab2c56d6fa4f49
1982,2017,85f39f53112ff59736923fddf26f09081b88199e2951f83dff09414d8a9f80b6
2017,2018,0ae866c4feb42f7c39d676be74691e4139fd20e2cfa824522c7e70b04ec433a3
2017,2017,d442082969642bd89738987154d6c9264c30d2332d5c8fa98443a9ee505bfb3a
2017,2017,d442082969642bd89738987154d6c9264c30d2332d5c8fa98443a9ee505bfb3a
2011,2015,33d60f35035b54746905590b975af420b5cbc6955ec6cfcf5f53c8cca7785cdc
2017,2017,d442082969642bd89738987154d6c9264c30d2332d5c8fa98443a9ee505bfb3a
1927,2018,355c86ac6bdcf2ae9f8d118c2a0cce7e38999ffdb8a0e6f0e55dfba2f660c5f7
2017,2018,0ae866c4feb42f7c39d676be74691e4139fd20e2cfa824522c7e70b04ec433a3
2017,2018,0ae866c4feb42f7c39d676be74691e4139fd20e2cfa824522c7e70b04ec433a3
2017,2017,d442082969642bd89738987154d6c9264c30d2332d5c8fa98443a9ee505bfb3a
1927,2017,6abf8980919248290e7017c8fdfccba1c44a34dc12a74c04a7796b5167e0861c
1986,2015,b8b726c7a8bbebc3d6bed444357bd96f8ad9a32ac00450357c018c7defd6d787
2008,2018,b34d8f6c9176f692347442386a136f4ea008174c0ebe521a26d9db40f82b14ee
2011,2016,29a11f32e7b4cb4995691b9ac51865c66f5a7ccc55788ea599488634fa469b2d
1946,1979,32c970c0e227813d0df54e36a3b067a6343c078c969cdca58d91a7ffb2f5cda4
2018,2018,ae899de273cd75984359192e28b80b614da4e1eab9134d9cdad4de2f4051594e
2018,2018,ae899de273cd75984359192e28b80b614da4e1eab9134d9cdad4de2f4051594e
2017,2017,d442082969642bd89738987154d6c9264c30d2332d5c8fa98443a9ee505bfb3a
1927,1935,566f78e48fe6031b4c8a1c1eb8dc410b63e024a6351823573c9ad9b3cfd053cd
1982,2018,632a5d0621ac64687bfce21ebd11bfba52d32f0eeeaff79faee2f3d9e0ab4e2c
2010,2017,45c3eee4664680622b1c77bca9e81452a5a3a311017c52c78a9310aa685b6c00
1956,1986,2d6bcc3e3b9b1edffd208f0b98517a6d4bae26dcea5c16788a829d066ca3339e
1939,2017,dec16fab2ab9c30717d10fab8100893961a0d0bd40dba61d46cabe470cec492d
1946,2017,5ad06cd476c1caeff49c9426e03c268447e8baef23615e895c4b57b0d5f4ca12
2008,2017,dabb61cc33870e155ab6aa807e94cb9f16dc357b850b2879557d831c6c237c5a
2018,2018,ae899de273cd75984359192e28b80b614da4e1eab9134d9cdad4de2f4051594e
1979,2015,d5aa37d3530c8c0fa4514143fb1f82fd723dc6671a1e3251c4f4d55f76c9a75e
2017,2017,d442082969642bd89738987154d6c9264c30d2332d5c8fa98443a9ee505bfb3a
2016,2018,47115e668598b3179e73f63445b816160eb1efca72344a72a070c626d3e7daea
1927,2018,355c86ac6bdcf2ae9f8d118c2a0cce7e38999ffdb8a0e6f0e55dfba2f660c5f7
2015,2016,de8927794db5fefa7e0824469038f123eb00ab056b90fc4359a420828086d30e
2017,2017,d442082969642bd89738987154d6c9264c30d2332d5c8fa98443a9ee505bfb3a
1939,2017,dec16fab2ab9c30717d10fab8100893961a0d0bd40dba61d46cabe470cec492d
2017,2018,0ae866c4feb42f7c39d676be74691e4139fd20e2cfa824522c7e70b04ec433a3
2008,2008,19ad720d119c047e63a8c045c8a4e6c5f2376acf4e3dea565b1b2a486b59f8d4
1984,2017,d3a3f1513cee9c43f22cc9a5ef7dd356565c3f53ae37cc073167ae7b66b8130f
2018,2018,ae899de273cd75984359192e28b80b614da4e1eab9134d9cdad4de2f4051594e
2018,2018,ae899de273cd75984359192e28b80b614da4e1eab9134d9cdad4de2f4051594e
2018,2018,ae899de273cd75984359192e28b80b614da4e1eab9134d9cdad4de2f4051594e
2009,2010,e2cfdd4ed022ea81cfeabde731e578a62cad1dd9091bab6fc82a8ac9c5a7a2e4
2013,2015,c459a11a88db398a9ab392412f8833b10b63a0e4b2a661376ec546338b3e82b7
2017,2017,d442082969642bd89738987154d6c9264c30d2332d5c8fa98443a9ee505bfb3a
2017,2018,0ae866c4feb42f7c39d676be74691e4139fd20e2cfa824522c7e70b04ec433a3
2018,2018,ae899de273cd75984359192e28b80b614da4e1eab9134d9cdad4de2f4051594e
2017,2018,0ae866c4feb42f7c39d676be74691e4139fd20e2cfa824522c7e70b04ec433a3
2018,2018,ae899de273cd75984359192e28b80b614da4e1eab9134d9cdad4de2f4051594e
2008,2018,b34d8f6c9176f692347442386a136f4ea008174c0ebe521a26d9db40f82b14ee
2016,2018,47115e668598b3179e73f63445b816160eb1efca72344a72a070c626d3e7daea
2011,2017,2455b0b5e2b783414cef0f7f6bdb8bad79eaefc4367f0c6fd32f22c8ff49a873
2013,2017,0d53bef627c80c58f08df9b2e82efdfe77dd098f5fc3a77486e79e600c20b8a5
2017,2018,0ae866c4feb42f7c39d676be74691e4139fd20e2cfa824522c7e70b04ec433a3
1922,2018,1de08aa11aea3975f1cb26a5496b3be83a37146dff324bbd2d20481827a76081
2017,2018,0ae866c4feb42f7c39d676be74691e4139fd20e2cfa824522c7e70b04ec433a3
2017,2018,0ae866c4feb42f7c39d676be74691e4139fd20e2cfa824522c7e70b04ec433a3
2013,2016,4a29f8600c985cee97966965e9a159a773e4443949d92df0aaf8abbdc81f757f
1979,2015,d5aa37d3530c8c0fa4514143fb1f82fd723dc6671a1e3251c4f4d55f76c9a75e
2017,2018,0ae866c4feb42f7c39d676be74691e4139fd20e2cfa824522c7e70b04ec433a3
1984,2018,0092a12f0d39879b0665722eb50df4f724bc898f8e6907786413b5b7962db2e4
1922,1939,01aadfcaa6a165a02327a62550a8098dfdf9b06d30a9b45163c34483a3083d64
1986,2018,4e527e128b06d33f40a3967d431fa4c2150747a65045b06fb3650f5474401fff
2016,2017,e6aa79db1d97e4938bde398be46b1e0b29d6d33fc1bdd3ce78a31935e0320c50
2009,2018,1774ce81f5a0dc15cd170811c79c78e0861a14a6593b17f87365fcf19d802d55
1982,2017,85f39f53112ff59736923fddf26f09081b88199e2951f83dff09414d8a9f80b6
2015,2017,883b8142f308e732feb42835a58746df8d014580f6545b0bf056da2ee69d50c3
2017,2018,0ae866c4feb42f7c39d676be74691e4139fd20e2cfa824522c7e70b04ec433a3
2016,2017,e6aa79db1d97e4938bde398be46b1e0b29d6d33fc1bdd3ce78a31935e0320c50
2018,2018,ae899de273cd75984359192e28b80b614da4e1eab9134d9cdad4de2f4051594e
2017,2018,0ae866c4feb42f7c39d676be74691e4139fd20e2cfa824522c7e70b04ec433a3
1977,2015,004efed00e627af70f1d12f0d388e3567c91b83bd34e51663e1893e6145ed4ae
2018,2018,ae899de273cd75984359192e28b80b614da4e1eab9134d9cdad4de2f4051594e
2017,2017,d442082969642bd89738987154d6c9264c30d2332d5c8fa98443a9ee505bfb3a
1922,2017,9b92356ffbe2804ad39acb9f7221fca29c19cb9d37c501a57226aadb79ec8b49
2011,2015,33d60f35035b54746905590b975af420b5cbc6955ec6cfcf5f53c8cca7785cdc
2018,2018,ae899de273cd75984359192e28b80b614da4e1eab9134d9cdad4de2f4051594e
2017,2017,d442082969642bd89738987154d6c9264c30d2332d5c8fa98443a9ee505bfb3a
2018,2018,ae899de273cd75984359192e28b80b614da4e1eab9134d9cdad4de2f4051594e
2017,2018,0ae866c4feb42f7c39d676be74691e4139fd20e2cfa824522c7e70b04ec433a3
2015,2017,883b8142f308e732feb42835a58746df8d014580f6545b0bf056da2ee69d50c3
2017,2018,0ae866c4feb42f7c39d676be74691e4139fd20e2cfa824522c7e70b04ec433a3
2012,2015,9af77dfc7a8be2d1507a55ae47aaed4da8377e382bbe1d5a73132a33cc753196
1937,1946,8c50993598f3ee77c42af921ca3c1b74bbbe720ae953ecd3e5236898cf141824
1935,1977,4c3e8a819835eaf970d179843adee9b558a0de8b2f0b650d51323d22383a506a
1946,2017,5ad06cd476c1caeff49c9426e03c268447e8baef23615e895c4b57b0d5f4ca12
1937,2011,44c5d1264e89fecae7bc24665992b45f2f17319fcd2c04e399d1ca8cd1c607f0
1979,2016,5648fe84776bf91fe08d8cc1235ff4ca1920a96a58cab4d0f9b69264b07b8b4f
2018,2018,ae899de273cd75984359192e28b80b614da4e1eab9134d9cdad4de2f4051594e
2017,2018,0ae866c4feb42f7c39d676be74691e4139fd20e2cfa824522c7e70b04ec433a3
2018,2018,ae899de273cd75984359192e28b80b614da4e1eab9134d9cdad4de2f4051594e
2015,2018,ca5321c88429f35111ba3c3ddf5d01fc4b2f4adc7bd7487828d6288765d041b5
2011,2015,33d60f35035b54746905590b975af420b5cbc6955ec6cfcf5f53c8cca7785cdc
1982,2016,065fc481932403b51671b772b490c7d6047cf6873c0c394162c01fead901128e
2018,2018,ae899de273cd75984359192e28b80b614da4e1eab9134d9cdad4de2f4051594e
1946,2013,4fe791e7023c80d5f4472f97110bbb0be5d6e7126fef3267ab1ec0a1b01a43f5
2018,2018,ae899de273cd75984359192e28b80b614da4e1eab9134d9cdad4de2f4051594e
1931,1935,6cb32ca5357a125177cbfece078decb9607d82943b0cff92d89cf0c7f019b670
2017,2017,d442082969642bd89738987154d6c9264c30d2332d5c8fa98443a9ee505bfb3a
2017,2018,0ae866c4feb42f7c39d676be74691e4139fd20e2cfa824522c7e70b04ec433a3
2017,2017,d442082969642bd89738987154d6c9264c30d2332d5c8fa98443a9ee505bfb3a
1927,1946,fd751577d32f887ccf43b57045dcde62a96f3e5fcc9bbc0beb9754bb26afebf1
1982,2017,85f39f53112ff59736923fddf26f09081b88199e2951f83dff09414d8a9f80b6
2017,2017,d442082969642bd89738987154d6c9264c30d2332d5c8fa98443a9ee505bfb3a
1982,2013,d36fb1a9c04a3df20771b12c362ed605a993d98d0a9a85aed6bd2c0efd7d1d46
2017,2017,d442082969642bd89738987154d6c9264c30d2332d5c8fa98443a9ee505bfb3a
2015,2017,883b8142f308e732feb42835a58746df8d014580f6545b0bf056da2ee69d50c3
1982,2016,065fc481932403b51671b772b490c7d6047cf6873c0c394162c01fead901128e
2018,2018,ae899de273cd75984359192e28b80b614da4e1eab9134d9cdad4de2f4051594e
1937,2015,123f7c1e3d6e4f3b15857f2fe261cade6d3d1df257d97c0f4b79736a92c2d0a9
1964,2008,daacc46c8080ad3facc05929add8fe50e695597ba1fc906abb81d0ac5e3be13d
2017,2017,d442082969642bd89738987154d6c9264c30d2332d5c8fa98443a9ee505bfb3a
1986,2018,4e527e128b06d33f40a3967d431fa4c2150747a65045b06fb3650f5474401fff
2017,2018,0ae866c4feb42f7c39d676be74691e4139fd20e2cfa824522c7e70b04ec433a3
1956,2015,8a88d4c5f2c50b481e3d9b97348fd563ce3f4ca9918b37164f85035432bc312c
2017,2017,d442082969642bd89738987154d6c9264c30d2332d5c8fa98443a9ee505bfb3a
2010,2017,45c3eee4664680622b1c77bca9e81452a5a3a311017c52c78a9310aa685b6c00
2018,2018,ae899de273cd75984359192e28b80b614da4e1eab9134d9cdad4de2f4051594e
2018,2018,ae899de273cd75984359192e28b80b614da4e1eab9134d9cdad4de2f4051594e
1937,2017,02c7707003ed7ea0443616f36dec2102e6629a1431d764fef0f070c961d1114d
2011,2018,0792e925ad8b31d3ea9a4de8e0ced81fb95659cfaf5347e8efc0834a343fe974
1922,1935,cec24de49846a48939360ef2650ac36fa22d67cb5d49310ae523cb95f7c65bcf
1986,2009,7da12502659f4c184fc66194da82c5931d9a62363e49f7a25306c645ea5894d4
2013,2018,e5f55f3667eb2b1197c21f62c403719ffe23501c0d180724c00d7ab7d3507794
2016,2016,df5053869911197a7151cf259b970c69792440ca88e2440a7c29aa51e8a84c9d
1982,2011,1a7efee9a56c18c045632ab35844b728d2e0b8932b9882ec2b600c4814f16707
2013,2017,0d53bef627c80c58f08df9b2e82efdfe77dd098f5fc3a77486e79e600c20b8a5
2018,2018,ae899de273cd75984359192e28b80b614da4e1eab9134d9cdad4de2f4051594e
2011,2018,0792e925ad8b31d3ea9a4de8e0ced81fb95659cfaf5347e8efc0834a343fe974
2017,2018,0ae866c4feb42f7c39d676be74691e4139fd20e2cfa824522c7e70b04ec433a3
1956,2012,c7c9833a214d3ec5db1b23c4807b95ef43aa6a4304d20f0f638fe4ef52927f82
2017,2018,0ae866c4feb42f7c39d676be74691e4139fd20e2cfa824522c7e70b04ec433a3
1946,2010,15118993fee8c15785c9fef85115824eeda6bcbe261864975f6041ffa97305cc
2018,2018,ae899de273cd75984359192e28b80b614da4e1eab9134d9cdad4de2f4051594e
2017,2018,0ae866c4feb42f7c39d676be74691e4139fd20e2cfa824522c7e70b04ec433a3
1946,2010,15118993fee8c15785c9fef85115824eeda6bcbe261864975f6041ffa97305cc
1956,2017,72778f579b47d0ae5cfdfc7647042ef3190e29d6b68b3a0e0545f5498be913a6
1984,2017,d3a3f1513cee9c43f22cc9a5ef7dd356565c3f53ae37cc073167ae7b66b8130f
2017,2018,0ae866c4feb42f7c39d676be74691e4139fd20e2cfa824522c7e70b04ec433a3
2011,2013,981f14e10bbad665f186281d13e5b754e96b292c8eadf2e5c8d7b406158cb021
2018,2018,ae899de273cd75984359192e28b80b614da4e1eab9134d9cdad4de2f4051594e
2015,2015,397bd964383d485962490ed8f7f8bdca5036c5099d7583daec2288783375ed00
2017,2018,0ae866c4feb42f7c39d676be74691e4139fd20e2cfa824522c7e70b04ec433a3
1982,2016,065fc481932403b51671b772b490c7d6047cf6873c0c394162c01fead901128e
2011,2017,2455b0b5e2b783414cef0f7f6bdb8bad79eaefc4367f0c6fd32f22c8ff49a873
1946,2018,4afca689421c9ca61bacea86dc14194b8a04aeaf758984d054da31edbfcf9148
1946,2011,29de516b2179282cec113eb7fd546fd88b4bf92fb7aea3859ea05bf34dc7087e
2017,2017,d442082969642bd89738987154d6c9264c30d2332d5c8fa98443a9ee505bfb3a
2017,2018,0ae866c4feb42f7c39d676be74691e4139fd20e2cfa824522c7e70b04ec433a3
2013,2017,0d53bef627c80c58f08df9b2e82efdfe77dd098f5fc3a77486e79e600c20b8a5
1979,2017,4b8706ae72444b4a028910038637a71502b5d0c10eb2d7f8efed2831e3a59096
1940,2016,acc35ebd079cea00e07e2f3d179c1561c638000cfcd2f067f7ef35a4c88e29fe
2016,2018,47115e668598b3179e73f63445b816160eb1efca72344a72a070c626d3e7daea
1927,2016,df941c07b790dec18bea755be8382c3c26b0f598e975026ff505f2e522c09602
1946,2017,5ad06cd476c1caeff49c9426e03c268447e8baef23615e895c4b57b0d5f4ca12
1984,2015,aa357e9da3e6b49a369edb166f5fa067cad7dcd8c805e07a6ab487ab863405da
1946,2018,4afca689421c9ca61bacea86dc14194b8a04aeaf758984d054da31edbfcf9148
2017,2017,d442082969642bd89738987154d6c9264c30d2332d5c8fa98443a9ee505bfb3a
1946,2017,5ad06cd476c1caeff49c9426e03c268447e8baef23615e895c4b57b0d5f4ca12
2015,2016,de8927794db5fefa7e0824469038f123eb00ab056b90fc4359a420828086d30e
2012,2017,ff4bd29e3f7c5db93cbb383c253515ffa03decbe044eaf28de60124bcbdc5b2e
2015,2018,ca5321c88429f35111ba3c3ddf5d01fc4b2f4adc7bd7487828d6288765d041b5
2018,2018,ae899de273cd75984359192e28b80b614da4e1eab9134d9cdad4de2f4051594e
2016,2017,e6aa79db1d97e4938bde398be46b1e0b29d6d33fc1bdd3ce78a31935e0320c50
2016,2016,df5053869911197a7151cf259b970c69792440ca88e2440a7c29aa51e8a84c9d
2017,2018,0ae866c4feb42f7c39d676be74691e4139fd20e2cfa824522c7e70b04ec433a3
2016,2018,47115e668598b3179e73f63445b816160eb1efca72344a72a070c626d3e7daea
1956,2017,72778f579b47d0ae5cfdfc7647042ef3190e29d6b68b3a0e0545f5498be913a6
2017,2018,0ae866c4feb42f7c39d676be74691e4139fd20e2cfa824522c7e70b04ec433a3
2018,2018,ae899de273cd75984359192e28b80b614da4e1eab9134d9cdad4de2f4051594e
2017,2018,0ae866c4feb42f7c39d676be74691e4139fd20e2cfa824522c7e70b04ec433a3
2017,2017,d442082969642bd89738987154d6c9264c30d2332d5c8fa98443a9ee505bfb3a
2013,2017,0d53bef627c80c58f08df9b2e82efdfe77dd098f5fc3a77486e79e600c20b8a5
1984,2017,d3a3f1513cee9c43f22cc9a5ef7dd356565c3f53ae37cc073167ae7b66b8130f
1940,2017,407cad9925681e94423c95dc29a8699ee8df5af87fd7295da4e65f04f0f8a634
1927,2016,df941c07b790dec18bea755be8382c3c26b0f598e975026ff505f2e522c09602
2018,2018,ae899de273cd75984359192e28b80b614da4e1eab9134d9cdad4de2f4051594e
1979,2009,4f07a64307d5e962fba26d86f3a50eeaa49e5dad9eadf448c362a25bb97785cd
1927,2016,df941c07b790dec18bea755be8382c3c26b0f598e975026ff505f2e522c09602
2018,2018,ae899de273cd75984359192e28b80b614da4e1eab9134d9cdad4de2f4051594e
2017,2017,d442082969642bd89738987154d6c9264c30d2332d5c8fa98443a9ee505bfb3a
1940,2010,c16f6099c05bc376e89347a2666b20fdccdfa1dd2de2602d89c9abaa72897bd3
2011,2015,33d60f35035b54746905590b975af420b5cbc6955ec6cfcf5f53c8cca7785cdc
2017,2018,0ae866c4feb42f7c39d676be74691e4139fd20e2cfa824522c7e70b04ec433a3
2017,2017,d442082969642bd89738987154d6c9264c30d2332d5c8fa98443a9ee505bfb3a
2017,2017,d442082969642bd89738987154d6c9264c30d2332d5c8fa98443a9ee505bfb3a
2016,2018,47115e668598b3179e73f63445b816160eb1efca72344a72a070c626d3e7daea
2017,2018,0ae866c4feb42f7c39d676be74691e4139fd20e2cfa824522c7e70b04ec433a3
2009,2017,d2a73c64ef575d70173c0b4934194233f1ff12e6b3ac906e349b06b62e66a9ff
1922,1964,cfe74e081d2cdb50aefaafd438ea7e709eb19d66f71f10b78349771ca14a70a1
2018,2018,ae899de273cd75984359192e28b80b614da4e1eab9134d9cdad4de2f4051594e
1931,2017,e91e417bbd110d07d89f6984b80d07d95daf9b624fbe1a8e6750f5a16e14e100
2016,2017,e6aa79db1d97e4938bde398be46b1e0b29d6d33fc1bdd3ce78a31935e0320c50
2016,2018,47115e668598b3179e73f63445b816160eb1efca72344a72a070c626d3e7daea
1931,2017,e91e417bbd110d07d89f6984b80d07d95daf9b624fbe1a8e6750f5a16e14e100
2017,2018,0ae866c4feb42f7c39d676be74691e4139fd20e2cfa824522c7e70b04ec433a3
1956,2012,c7c9833a214d3ec5db1b23c4807b95ef43aa6a4304d20f0f638fe4ef52927f82
2017,2018,0ae866c4feb42f7c39d676be74691e4139fd20e2cfa824522c7e70b04ec433a3
1956,1984,7a12508cbc5c97265b7fa75baaff297980772db3124ec5a73208fa7df4dad06e
1935,1964,3cb56142ff1785561b93693d006af3f813e652c80843cedb4c424af0b88570a2
2016,2016,df5053869911197a7151cf259b970c69792440ca88e2440a7c29aa51e8a84c9d
2009,2017,d2a73c64ef575d70173c0b4934194233f1ff12e6b3ac906e349b06b62e66a9ff
2016,2018,47115e668598b3179e73f63445b816160eb1efca72344a72a070c626d3e7daea
2016,2017,e6aa79db1d97e4938bde398be46b1e0b29d6d33fc1bdd3ce78a31935e0320c50
2016,2017,e6aa79db1d97e4938bde398be46b1e0b29d6d33fc1bdd3ce78a31935e0320c50
1982,2017,85f39f53112ff59736923fddf26f09081b88199e2951f83dff09414d8a9f80b6
2010,2017,45c3eee4664680622b1c77bca9e81452a5a3a311017c52c78a9310aa685b6c00
2008,2018,b34d8f6c9176f692347442386a136f4ea008174c0ebe521a26d9db40f82b14ee
2018,2018,ae899de273cd75984359192e28b80b614da4e1eab9134d9cdad4de2f4051594e
2008,2015,a5906886cd60f79ed858449c026c88fab7b1969b551134d23f127ac58005394a
2008,2010,faeadca89d268bc748831494f79eb5987cce77f98ae14307c2886ec916d6df73
2016,2017,e6aa79db1d97e4938bde398be46b1e0b29d6d33fc1bdd3ce78a31935e0320c50
1927,1939,2569f049470ac6862b2cb3e2045bdcbbe2ac4c3e64831736a6bb824f3180a4a0
2016,2017,e6aa79db1d97e4938bde398be46b1e0b29d6d33fc1bdd3ce78a31935e0320c50
1946,1986,5bf12077edce98bc7b9da375737f3ce66cdca73dbf5fea61a636fdc347c4fb0a
2016,2017,e6aa79db1d97e4938bde398be46b1e0b29d6d33fc1bdd3ce78a31935e0320c50
2017,2017,d442082969642bd89738987154d6c9264c30d2332d5c8fa98443a9ee505bfb3a
2012,2017,ff4bd29e3f7c5db93cbb383c253515ffa03decbe044eaf28de60124bcbdc5b2e
2008,2017,dabb61cc33870e155ab6aa807e94cb9f16dc357b850b2879557d831c6c237c5a
2018,2018,ae899de273cd75984359192e28b80b614da4e1eab9134d9cdad4de2f4051594e
1982,2017,85f39f53112ff59736923fddf26f09081b88199e2951f83dff09414d8a9f80b6
2017,2018,0ae866c4feb42f7c39d676be74691e4139fd20e2cfa824522c7e70b04ec433a3
2016,2017,e6aa79db1d97e4938bde398be46b1e0b29d6d33fc1bdd3ce78a31935e0320c50
2012,2017,ff4bd29e3f7c5db93cbb383c253515ffa03decbe044eaf28de60124bcbdc5b2e
1946,2016,adabda6187bd88d73e47c3e719b7a01beb837e8b67f2d9239a656cc63b79c3c9
2012,2017,ff4bd29e3f7c5db93cbb383c253515ffa03decbe044eaf28de60124bcbdc5b2e
1922,2017,9b92356ffbe2804ad39acb9f7221fca29c19cb9d37c501a57226aadb79ec8b49
2017,2017,d442082969642bd89738987154d6c9264c30d2332d5c8fa98443a9ee505bfb3a
1935,2017,d209c8625b8d0827389adeda974bf4ac59d392fb356c2d79dff03d2b8edf0093
1986,2018,4e527e128b06d33f40a3967d431fa4c2150747a65045b06fb3650f5474401fff
2016,2018,47115e668598b3179e73f63445b816160eb1efca72344a72a070c626d3e7daea
1931,1984,360cb213f25364fa8b58830cf4f69c13f7e887e04a731373ef3f54aaa00ffa8a
1946,1956,1e8825815be0cee6fbefa150df44352de479d6fdb024f824314867375b2b0ea0
2017,2018,0ae866c4feb42f7c39d676be74691e4139fd20e2cfa824522c7e70b04ec433a3
2009,2017,d2a73c64ef575d70173c0b4934194233f1ff12e6b3ac906e349b06b62e66a9ff
1946,2015,739042fe1d156223f4cf524df48cada8f3af0c67e2434b50a4f965fa930dfaf1
2016,2018,47115e668598b3179e73f63445b816160eb1efca72344a72a070c626d3e7daea
1977,2017,cab27c84de4b45b5a007e70c0f63f9d5b47ff49c66ded79d4d2d61a2a5c1f643
2016,2017,e6aa79db1d97e4938bde398be46b1e0b29d6d33fc1bdd3ce78a31935e0320c50
2013,2017,0d53bef627c80c58f08df9b2e82efdfe77dd098f5fc3a77486e79e600c20b8a5
2013,2015,c459a11a88db398a9ab392412f8833b10b63a0e4b2a661376ec546338b3e82b7
2017,2018,0ae866c4feb42f7c39d676be74691e4139fd20e2cfa824522c7e70b04ec433a3
2017,2017,d442082969642bd89738987154d6c9264c30d2332d5c8fa98443a9ee505bfb3a
2017,2018,0ae866c4feb42f7c39d676be74691e4139fd20e2cfa824522c7e70b04ec433a3
2017,2018,0ae866c4feb42f7c39d676be74691e4139fd20e2cfa824522c7e70b04ec433a3
1922,2017,9b92356ffbe2804ad39acb9f7221fca29c19cb9d37c501a57226aadb79ec8b49
1979,2008,541822c1f4ed91aa47c521e48c9c28132a2a00652583983dc8430adb056244d4
2016,2017,e6aa79db1d97e4938bde398be46b1e0b29d6d33fc1bdd3ce78a31935e0320c50
2017,2017,d442082969642bd89738987154d6c9264c30d2332d5c8fa98443a9ee505bfb3a
1964,2017,5053197a74fded3740568bbf568d71fb28da9e98fa9828adae52b4b886751592
2012,2017,ff4bd29e3f7c5db93cbb383c253515ffa03decbe044eaf28de60124bcbdc5b2e
2015,2017,883b8142f308e732feb42835a58746df8d014580f6545b0bf056da2ee69d50c3
1979,2009,4f07a64307d5e962fba26d86f3a50eeaa49e5dad9eadf448c362a25bb97785cd
1946,1986,5bf12077edce98bc7b9da375737f3ce66cdca73dbf5fea61a636fdc347c4fb0a
2017,2018,0ae866c4feb42f7c39d676be74691e4139fd20e2cfa824522c7e70b04ec433a3
2016,2017,e6aa79db1d97e4938bde398be46b1e0b29d6d33fc1bdd3ce78a31935e0320c50
2016,2017,e6aa79db1d97e4938bde398be46b1e0b29d6d33fc1bdd3ce78a31935e0320c50
2010,2017,45c3eee4664680622b1c77bca9e81452a5a3a311017c52c78a9310aa685b6c00
2011,2018,0792e925ad8b31d3ea9a4de8e0ced81fb95659cfaf5347e8efc0834a343fe974
2016,2017,e6aa79db1d97e4938bde398be46b1e0b29d6d33fc1bdd3ce78a31935e0320c50
2017,2017,d442082969642bd89738987154d6c9264c30d2332d5c8fa98443a9ee505bfb3a
1964,2015,f5309b7b5e5b56e3825b1e1cacf5c19318aefbf514d085e5c95bf78ffbaf65ec
2017,2017,d442082969642bd89738987154d6c9264c30d2332d5c8fa98443a9ee505bfb3a
1927,2009,4572d24a017dacdf6a4d8fbaee6956bd403cf4e3f2116ae6fca0cb49e6d11056
2011,2017,2455b0b5e2b783414cef0f7f6bdb8bad79eaefc4367f0c6fd32f22c8ff49a873
2017,2017,d442082969642bd89738987154d6c9264c30d2332d5c8fa98443a9ee505bfb3a
2009,2018,1774ce81f5a0dc15cd170811c79c78e0861a14a6593b17f87365fcf19d802d55
1946,2017,5ad06cd476c1caeff49c9426e03c268447e8baef23615e895c4b57b0d5f4ca12
2018,2018,ae899de273cd75984359192e28b80b614da4e1eab9134d9cdad4de2f4051594e
2016,2016,df5053869911197a7151cf259b970c69792440ca88e2440a7c29aa51e8a84c9d
2011,2018,0792e925ad8b31d3ea9a4de8e0ced81fb95659cfaf5347e8efc0834a343fe974
1927,2015,4c158b205f3cfaa5733e137716c05d814570ed6a34e118ffd45bca48fa39d967
2017,2018,0ae866c4feb42f7c39d676be74691e4139fd20e2cfa824522c7e70b04ec433a3
1964,2015,f5309b7b5e5b56e3825b1e1cacf5c19318aefbf514d085e5c95bf78ffbaf65ec
2008,2012,1a316a4d55f6c26274aaf47a843008a072264b1ae7ac20d3b60f1128158d46d2
2008,2017,dabb61cc33870e155ab6aa807e94cb9f16dc357b850b2879557d831c6c237c5a
2017,2017,d442082969642bd89738987154d6c9264c30d2332d5c8fa98443a9ee505bfb3a
2018,2018,ae899de273cd75984359192e28b80b614da4e1eab9134d9cdad4de2f4051594e
2013,2017,0d53bef627c80c58f08df9b2e82efdfe77dd098f5fc3a77486e79e600c20b8a5
1982,2017,85f39f53112ff59736923fddf26f09081b88199e2951f83dff09414d8a9f80b6
2017,2017,d442082969642bd89738987154d6c9264c30d2332d5c8fa98443a9ee505bfb3a
2017,2017,d442082969642bd89738987154d6c9264c30d2332d5c8fa98443a9ee505bfb3a
2013,2018,e5f55f3667eb2b1197c21f62c403719ffe23501c0d180724c00d7ab7d3507794
2011,2017,2455b0b5e2b783414cef0f7f6bdb8bad79eaefc4367f0c6fd32f22c8ff49a873
2012,2017,ff4bd29e3f7c5db93cbb383c253515ffa03decbe044eaf28de60124bcbdc5b2e
1939,2015,d58c8b376dc99a38f16a910a36d902bd0833de5cdb84c501aea8dcbccf45b336
1964,2018,382ac7a73455584c955a6ad9a0024df17b3b853a0d1cd8cc0455787bcb8cd2f4
2017,2017,d442082969642bd89738987154d6c9264c30d2332d5c8fa98443a9ee505bfb3a
2011,2013,981f14e10bbad665f186281d13e5b754e96b292c8eadf2e5c8d7b406158cb021
2010,2017,45c3eee4664680622b1c77bca9e81452a5a3a311017c52c78a9310aa685b6c00
1946,1946,da6478fcf090f85afe697ba3b08382db084daeffce080bcecf5bea55fd59b4a4
2009,2009,5e79da38e8f46f6e2d7fda777d2d4c6e8d70bce7560c8cd76d6115afeb28cf63
2017,2018,0ae866c4feb42f7c39d676be74691e4139fd20e2cfa824522c7e70b04ec433a3
2011,2016,29a11f32e7b4cb4995691b9ac51865c66f5a7ccc55788ea599488634fa469b2d
2017,2018,0ae866c4feb42f7c39d676be74691e4139fd20e2cfa824522c7e70b04ec433a3
2017,2017,d442082969642bd89738987154d6c9264c30d2332d5c8fa98443a9ee505bfb3a
1935,1982,29879be88381d0a6c7363bccac096f5ae0b8a2a86ec5c5dcab3e599c44ef8278
2015,2018,ca5321c88429f35111ba3c3ddf5d01fc4b2f4adc7bd7487828d6288765d041b5
1946,1946,da6478fcf090f85afe697ba3b08382db084daeffce080bcecf5bea55fd59b4a4
2008,2017,dabb61cc33870e155ab6aa807e94cb9f16dc357b850b2879557d831c6c237c5a
1986,2017,361aee12de222eca4ca2d9a12cc07438c6d113eb5d9c4bc4b330dc43b9742a56
2018,2018,ae899de273cd75984359192e28b80b614da4e1eab9134d9cdad4de2f4051594e
1946,1984,0d3fe28c27216be5c28a2676f8d58343b1fa0451cba13fcce1bd8e20576cb9b3
1939,2010,349fc7d66f50fe5d1d96c9e307112a4fc1fc319f69d11717adf12a73262227ce
2012,2012,cd072e8e4d72281722a4a19d5c641a8e4f268e26c9da55b42711fba437f0a32f
2017,2017,d442082969642bd89738987154d6c9264c30d2332d5c8fa98443a9ee505bfb3a
1946,2017,5ad06cd476c1caeff49c9426e03c268447e8baef23615e895c4b57b0d5f4ca12
2017,2017,d442082969642bd89738987154d6c9264c30d2332d5c8fa98443a9ee505bfb3a
2017,2017,d442082969642bd89738987154d6c9264c30d2332d5c8fa98443a9ee505bfb3a
2008,2017,dabb61cc33870e155ab6aa807e94cb9f16dc357b850b2879557d831c6c237c5a
2008,2009,c0778b86ceb872415da6defd8823640fade9b59141f8c3f1793281f2dcf3ea25
1979,2018,9bd137930edf0ef24df6b0b55e572755c9fb8a2f23ef2720486a7ca64ce9d574
1979,2017,4b8706ae72444b4a028910038637a71502b5d0c10eb2d7f8efed2831e3a59096
2018,2018,ae899de273cd75984359192e28b80b614da4e1eab9134d9cdad4de2f4051594e
2008,2009,c0778b86ceb872415da6defd8823640fade9b59141f8c3f1793281f2dcf3ea25
1984,2017,d3a3f1513cee9c43f22cc9a5ef7dd356565c3f53ae37cc073167ae7b66b8130f
2016,2017,e6aa79db1d97e4938bde398be46b1e0b29d6d33fc1bdd3ce78a31935e0320c50
1984,2017,d3a3f1513cee9c43f22cc9a5ef7dd356565c3f53ae37cc073167ae7b66b8130f
2013,2013,22005acb4db3ebf10b58361cf4891107dac6d2df82bad8019e940041e0e76621
2017,2017,d442082969642bd89738987154d6c9264c30d2332d5c8fa98443a9ee505bfb3a
1986,2017,361aee12de222eca4ca2d9a12cc07438c6d113eb5d9c4bc4b330dc43b9742a56
1977,2008,8c260e9ac2dc67eb385f0538de2267ee09d4118cb72fac58e887bbf02818b4fe
2017,2017,d442082969642bd89738987154d6c9264c30d2332d5c8fa98443a9ee505bfb3a
2017,2018,0ae866c4feb42f7c39d676be74691e4139fd20e2cfa824522c7e70b04ec433a3
2016,2017,e6aa79db1d97e4938bde398be46b1e0b29d6d33fc1bdd3ce78a31935e0320c50
2018,2018,ae899de273cd75984359192e28b80b614da4e1eab9134d9cdad4de2f4051594e
2009,2015,4082f28143091ccdb06d3af80482cf26fe2b12f53c51e22c7321fa10614a6d07
2015,2015,397bd964383d485962490ed8f7f8bdca5036c5099d7583daec2288783375ed00
2017,2017,d442082969642bd89738987154d6c9264c30d2332d5c8fa98443a9ee505bfb3a
2016,2017,e6aa79db1d97e4938bde398be46b1e0b29d6d33fc1bdd3ce78a31935e0320c50
1977,2018,99be2ef57eeff33b80e210639530ef02469679778afa244188071db430533456
2013,2017,0d53bef627c80c58f08df9b2e82efdfe77dd098f5fc3a77486e79e600c20b8a5
2013,2017,0d53bef627c80c58f08df9b2e82efdfe77dd098f5fc3a77486e79e600c20b8a5
2017,2017,d442082969642bd89738987154d6c9264c30d2332d5c8fa98443a9ee505bfb3a
2018,2018,ae899de273cd75984359192e28b80b614da4e1eab9134d9cdad4de2f4051594e
2016,2018,47115e668598b3179e73f63445b816160eb1efca72344a72a070c626d3e7daea
2016,2017,e6aa79db1d97e4938bde398be46b1e0b29d6d33fc1bdd3ce78a31935e0320c50
2017,2018,0ae866c4feb42f7c39d676be74691e4139fd20e2cfa824522c7e70b04ec433a3
2018,2018,ae899de273cd75984359192e28b80b614da4e1eab9134d9cdad4de2f4051594e
2012,2017,ff4bd29e3f7c5db93cbb383c253515ffa03decbe044eaf28de60124bcbdc5b2e
1956,2017,72778f579b47d0ae5cfdfc7647042ef3190e29d6b68b3a0e0545f5498be913a6
1956,1977,158eec32f0df791e4160677262f12d2a9adf2bd79af58d0efacd4bce56defc63
2009,2016,ce539c3d331347937099c3540bf8c38b9c50d68550cf7b4e86732208bbfecbb6
2009,2010,e2cfdd4ed022ea81cfeabde731e578a62cad1dd9091bab6fc82a8ac9c5a7a2e4
1927,2016,df941c07b790dec18bea755be8382c3c26b0f598e975026ff505f2e522c09602
1979,2017,4b8706ae72444b4a028910038637a71502b5d0c10eb2d7f8efed2831e3a59096
2011,2017,2455b0b5e2b783414cef0f7f6bdb8bad79eaefc4367f0c6fd32f22c8ff49a873
1984,1986,6beb5fd7364d88031cbd58c83dbbc5a24035d585efd2f35c30bc7fb16cbf214e
2015,2017,883b8142f308e732feb42835a58746df8d014580f6545b0bf056da2ee69d50c3
2015,2017,883b8142f308e732feb42835a58746df8d014580f6545b0bf056da2ee69d50c3
2017,2018,0ae866c4feb42f7c39d676be74691e4139fd20e2cfa824522c7e70b04ec433a3
2018,2018,ae899de273cd75984359192e28b80b614da4e1eab9134d9cdad4de2f4051594e
2017,2018,0ae866c4feb42f7c39d676be74691e4139fd20e2cfa824522c7e70b04ec433a3
1939,2017,dec16fab2ab9c30717d10fab8100893961a0d0bd40dba61d46cabe470cec492d
2016,2017,e6aa79db1d97e4938bde398be46b1e0b29d6d33fc1bdd3ce78a31935e0320c50
1986,2016,06980f645eb99bf4134528a815d0456f440615446afb77c0f4d33daf28e62983
1986,2017,361aee12de222eca4ca2d9a12cc07438c6d113eb5d9c4bc4b330dc43b9742a56
1977,2008,8c260e9ac2dc67eb385f0538de2267ee09d4118cb72fac58e887bbf02818b4fe
2018,2018,ae899de273cd75984359192e28b80b614da4e1eab9134d9cdad4de2f4051594e
2017,2018,0ae866c4feb42f7c39d676be74691e4139fd20e2cfa824522c7e70b04ec433a3
2017,2017,d442082969642bd89738987154d6c9264c30d2332d5c8fa98443a9ee505bfb3a
2011,2016,29a11f32e7b4cb4995691b9ac51865c66f5a7ccc55788ea599488634fa469b2d
1946,2009,3e0c1864f46969f3887595430e6eeec53fdd5f2a51ed944f5ffff3cd89294a06
2011,2017,2455b0b5e2b783414cef0f7f6bdb8bad79eaefc4367f0c6fd32f22c8ff49a873
1927,2018,355c86ac6bdcf2ae9f8d118c2a0cce7e38999ffdb8a0e6f0e55dfba2f660c5f7
1937,1939,236e235fd567652681c2dfacd803a8dbf81cde8a6daf5dc50d5d5b75bb41a433
1922,2017,9b92356ffbe2804ad39acb9f7221fca29c19cb9d37c501a57226aadb79ec8b49
2011,2016,29a11f32e7b4cb4995691b9ac51865c66f5a7ccc55788ea599488634fa469b2d
1931,2018,69ac48368261a85c0a5ace3316d3cdd307d4c826b0ef052768481dc75d84051e
2018,2018,ae899de273cd75984359192e28b80b614da4e1eab9134d9cdad4de2f4051594e
1984,2016,c4e44ba61f473ecb81dceb93ca7113f5466ae92042079b3dd169bc75b7761ffc
2012,2018,eb2420936c99ae0c0874edc8b95224ff583686337e21abf7b7c72a9e7e85f54c
2011,2015,33d60f35035b54746905590b975af420b5cbc6955ec6cfcf5f53c8cca7785cdc
1935,2017,d209c8625b8d0827389adeda974bf4ac59d392fb356c2d79dff03d2b8edf0093
2017,2017,d442082969642bd89738987154d6c9264c30d2332d5c8fa98443a9ee505bfb3a
1922,2010,d93f676fd862c71e9d870590da766ee222d1712b8024c6ddea08fae1cead6f33
2017,2017,d442082969642bd89738987154d6c9264c30d2332d5c8fa98443a9ee505bfb3a
1982,2009,a07e6844a03f28d8c9358cbffc761edc202ba412b526aece67330b71cf9528f0
2016,2018,47115e668598b3179e73f63445b816160eb1efca72344a72a070c626d3e7daea
2018,2018,ae899de273cd75984359192e28b80b614da4e1eab9134d9cdad4de2f4051594e
2017,2017,d442082969642bd89738987154d6c9264c30d2332d5c8fa98443a9ee505bfb3a
2015,2015,397bd964383d485962490ed8f7f8bdca5036c5099d7583daec2288783375ed00
1946,1979,32c970c0e227813d0df54e36a3b067a6343c078c969cdca58d91a7ffb2f5cda4
2018,2018,ae899de273cd75984359192e28b80b614da4e1eab9134d9cdad4de2f4051594e
2010,2018,12409a32962e362fef323285eeb5057ac2f6bb58a514b7f6de6142ce90277ffc
2008,2011,c7e62a4b0dd0deb56361e3258de570917e0ad8f799d7050db5d102e3b11edf4e
2018,2018,ae899de273cd75984359192e28b80b614da4e1eab9134d9cdad4de2f4051594e
2017,2017,d442082969642bd89738987154d6c9264c30d2332d5c8fa98443a9ee505bfb3a
1922,1982,511aafb1153cdab6e4584a7ec9b8e504b0c757599cfe9b9efc22e7bb3374b7b0
2018,2018,ae899de273cd75984359192e28b80b614da4e1eab9134d9cdad4de2f4051594e
1984,2017,d3a3f1513cee9c43f22cc9a5ef7dd356565c3f53ae37cc073167ae7b66b8130f
2008,2018,b34d8f6c9176f692347442386a136f4ea008174c0ebe521a26d9db40f82b14ee
1937,2010,9668a4ab0c830290daef17b6c68b7f71b179b810884be80d1538e66ce1e5c409
2016,2017,e6aa79db1d97e4938bde398be46b1e0b29d6d33fc1bdd3ce78a31935e0320c50
2009,2017,d2a73c64ef575d70173c0b4934194233f1ff12e6b3ac906e349b06b62e66a9ff
2017,2018,0ae866c4feb42f7c39d676be74691e4139fd20e2cfa824522c7e70b04ec433a3
1956,1977,158eec32f0df791e4160677262f12d2a9adf2bd79af58d0efacd4bce56defc63
2016,2018,47115e668598b3179e73f63445b816160eb1efca72344a72a070c626d3e7daea
2016,2017,e6aa79db1d97e4938bde398be46b1e0b29d6d33fc1bdd3ce78a31935e0320c50
1986,2017,361aee12de222eca4ca2d9a12cc07438c6d113eb5d9c4bc4b330dc43b9742a56
2013,2013,22005acb4db3ebf10b58361cf4891107dac6d2df82bad8019e940041e0e76621
2017,2017,d442082969642bd89738987154d6c9264c30d2332d5c8fa98443a9ee505bfb3a
1979,1984,2bf768f26003c751704d348ab23d4c7f7c730982505e4d01edf6de484d718fe8
2018,2018,ae899de273cd75984359192e28b80b614da4e1eab9134d9cdad4de2f4051594e
2017,2017,d442082969642bd89738987154d6c9264c30d2332d5c8fa98443a9ee505bfb3a
2017,2017,d442082969642bd89738987154d6c9264c30d2332d5c8fa98443a9ee505bfb3a
2012,2017,ff4bd29e3f7c5db93cbb383c253515ffa03decbe044eaf28de60124bcbdc5b2e
2017,2018,0ae866c4feb42f7c39d676be74691e4139fd20e2cfa824522c7e70b04ec433a3
1935,2016,52ca2f896f9c7b57af819af81a65152d5393ab51c9926b0b502514400190f633
2008,2010,faeadca89d268bc748831494f79eb5987cce77f98ae14307c2886ec916d6df73
2017,2018,0ae866c4feb42f7c39d676be74691e4139fd20e2cfa824522c7e70b04ec433a3
2015,2017,883b8142f308e732feb42835a58746df8d014580f6545b0bf056da2ee69d50c3
2008,2017,dabb61cc33870e155ab6aa807e94cb9f16dc357b850b2879557d831c6c237c5a
2015,2018,ca5321c88429f35111ba3c3ddf5d01fc4b2f4adc7bd7487828d6288765d041b5
1946,1984,0d3fe28c27216be5c28a2676f8d58343b1fa0451cba13fcce1bd8e20576cb9b3
2018,2018,ae899de273cd75984359192e28b80b614da4e1eab9134d9cdad4de2f4051594e
2008,2018,b34d8f6c9176f692347442386a136f4ea008174c0ebe521a26d9db40f82b14ee
1979,2010,82155cb8ae1ef21f66401acc66fa96bb24d27560f9b9a7d336e2baf56d23522e
2009,2017,d2a73c64ef575d70173c0b4934194233f1ff12e6b3ac906e349b06b62e66a9ff
2017,2017,d442082969642bd89738987154d6c9264c30d2332d5c8fa98443a9ee505bfb3a
1937,2018,858b591aa7e13a39a9b2bd5782d2c2a91e0946c5f0920047e9c32d7e4536f774
1946,2017,5ad06cd476c1caeff49c9426e03c268447e8baef23615e895c4b57b0d5f4ca12
1931,1982,6148db3ba85c036e4e691a6183a95ca0380327217fff498e047df4ef9251a3f5
2015,2017,883b8142f308e732feb42835a58746df8d014580f6545b0bf056da2ee69d50c3
2011,2017,2455b0b5e2b783414cef0f7f6bdb8bad79eaefc4367f0c6fd32f22c8ff49a873
2017,2017,d442082969642bd89738987154d6c9264c30d2332d5c8fa98443a9ee505bfb3a
2016,2018,47115e668598b3179e73f63445b816160eb1efca72344a72a070c626d3e7daea
2012,2015,9af77dfc7a8be2d1507a55ae47aaed4da8377e382bbe1d5a73132a33cc753196
2017,2018,0ae866c4feb42f7c39d676be74691e4139fd20e2cfa824522c7e70b04ec433a3
1964,2011,7686dc1f3b5254dbab5576627902fe7bcd4b95d9ea9ddb0c6434e779a033ee42
2013,2017,0d53bef627c80c58f08df9b2e82efdfe77dd098f5fc3a77486e79e600c20b8a5
2011,2016,29a11f32e7b4cb4995691b9ac51865c66f5a7ccc55788ea599488634fa469b2d
2015,2017,883b8142f308e732feb42835a58746df8d014580f6545b0bf056da2ee69d50c3
1927,2015,4c158b205f3cfaa5733e137716c05d814570ed6a34e118ffd45bca48fa39d967
1922,1927,0dc6ed08dc3e00eb8df6954360edf167b83cd69341b5ef32d3184e4b7d5d0dc9
1939,2010,349fc7d66f50fe5d1d96c9e307112a4fc1fc319f69d11717adf12a73262227ce
1931,1964,391e4d814987c3c36c822fc85d634acf26b19a0de1d6e6e83754714b5b3da328
2010,2013,efca1bc3e12439b2717dae9acd69347bb6fb90f8511fe53d2372fbe33819dc2c
2013,2015,c459a11a88db398a9ab392412f8833b10b63a0e4b2a661376ec546338b3e82b7
2018,2018,ae899de273cd75984359192e28b80b614da4e1eab9134d9cdad4de2f4051594e
2012,2018,eb2420936c99ae0c0874edc8b95224ff583686337e21abf7b7c72a9e7e85f54c
2017,2018,0ae866c4feb42f7c39d676be74691e4139fd20e2cfa824522c7e70b04ec433a3
1922,1977,cffd61378d07f4eb8e8f24c81a74e0cc6643d19cb69b33f20cb38821eba99bc2
2017,2017,d442082969642bd89738987154d6c9264c30d2332d5c8fa98443a9ee505bfb3a
1937,2016,d4629314b0de1b655d302c699b3a8ed4209e6b919d4b983cb6e13f1649002758
2015,2017,883b8142f308e732feb42835a58746df8d014580f6545b0bf056da2ee69d50c3
2017,2018,0ae866c4feb42f7c39d676be74691e4139fd20e2cfa824522c7e70b04ec433a3
1984,2017,d3a3f1513cee9c43f22cc9a5ef7dd356565c3f53ae37cc073167ae7b66b8130f
2017,2018,0ae866c4feb42f7c39d676be74691e4139fd20e2cfa824522c7e70b04ec433a3
2017,2017,d442082969642bd89738987154d6c9264c30d2332d5c8fa98443a9ee505bfb3a
1977,2018,99be2ef57eeff33b80e210639530ef02469679778afa244188071db430533456
1986,2017,361aee12de222eca4ca2d9a12cc07438c6d113eb5d9c4bc4b330dc43b9742a56
2018,2018,ae899de273cd75984359192e28b80b614da4e1eab9134d9cdad4de2f4051594e
2015,2017,883b8142f308e732feb42835a58746df8d014580f6545b0bf056da2ee69d50c3
2018,2018,ae899de273cd75984359192e28b80b614da4e1eab9134d9cdad4de2f4051594e
2017,2017,d442082969642bd89738987154d6c9264c30d2332d5c8fa98443a9ee505bfb3a
2013,2015,c459a11a88db398a9ab392412f8833b10b63a0e4b2a661376ec546338b3e82b7
2017,2017,d442082969642bd89738987154d6c9264c30d2332d5c8fa98443a9ee505bfb3a
2017,2018,0ae866c4feb42f7c39d676be74691e4139fd20e2cfa824522c7e70b04ec433a3
2018,2018,ae899de273cd75984359192e28b80b614da4e1eab9134d9cdad4de2f4051594e
2016,2016,df5053869911197a7151cf259b970c69792440ca88e2440a7c29aa51e8a84c9d
2017,2018,0ae866c4feb42f7c39d676be74691e4139fd20e2cfa824522c7e70b04ec433a3
2017,2018,0ae866c4feb42f7c39d676be74691e4139fd20e2cfa824522c7e70b04ec433a3
1964,2017,5053197a74fded3740568bbf568d71fb28da9e98fa9828adae52b4b886751592
1940,2015,26977755782a4909011802246333716cb0acb4d649577423d592244d69928404
1984,2017,d3a3f1513cee9c43f22cc9a5ef7dd356565c3f53ae37cc073167ae7b66b8130f
2013,2017,0d53bef627c80c58f08df9b2e82efdfe77dd098f5fc3a77486e79e600c20b8a5
1979,2017,4b8706ae72444b4a028910038637a71502b5d0c10eb2d7f8efed2831e3a59096
2011,2013,981f14e10bbad665f186281d13e5b754e96b292c8eadf2e5c8d7b406158cb021
2018,2018,ae899de273cd75984359192e28b80b614da4e1eab9134d9cdad4de2f4051594e
1979,2017,4b8706ae72444b4a028910038637a71502b5d0c10eb2d7f8efed2831e3a59096
2018,2018,ae899de273cd75984359192e28b80b614da4e1eab9134d9cdad4de2f4051594e
2016,2017,e6aa79db1d97e4938bde398be46b1e0b29d6d33fc1bdd3ce78a31935e0320c50
2017,2017,d442082969642bd89738987154d6c9264c30d2332d5c8fa98443a9ee505bfb3a
1982,2018,632a5d0621ac64687bfce21ebd11bfba52d32f0eeeaff79faee2f3d9e0ab4e2c
2017,2017,d442082969642bd89738987154d6c9264c30d2332d5c8fa98443a9ee505bfb3a
2018,2018,ae899de273cd75984359192e28b80b614da4e1eab9134d9cdad4de2f4051594e
1922,2018,1de08aa11aea3975f1cb26a5496b3be83a37146dff324bbd2d20481827a76081
2016,2017,e6aa79db1d97e4938bde398be46b1e0b29d6d33fc1bdd3ce78a31935e0320c50
1935,2016,52ca2f896f9c7b57af819af81a65152d5393ab51c9926b0b502514400190f633
2017,2018,0ae866c4feb42f7c39d676be74691e4139fd20e2cfa824522c7e70b04ec433a3
1927,2011,109c65a5b50c9fee300c95f9c8082880531bad257e4d748f2f8ac0f7d164e51f
2018,2018,ae899de273cd75984359192e28b80b614da4e1eab9134d9cdad4de2f4051594e
2016,2017,e6aa79db1d97e4938bde398be46b1e0b29d6d33fc1bdd3ce78a31935e0320c50
2013,2015,c459a11a88db398a9ab392412f8833b10b63a0e4b2a661376ec546338b3e82b7
2016,2017,e6aa79db1d97e4938bde398be46b1e0b29d6d33fc1bdd3ce78a31935e0320c50
2010,2018,12409a32962e362fef323285eeb5057ac2f6bb58a514b7f6de6142ce90277ffc
2018,2018,ae899de273cd75984359192e28b80b614da4e1eab9134d9cdad4de2f4051594e
2018,2018,ae899de273cd75984359192e28b80b614da4e1eab9134d9cdad4de2f4051594e
1940,1964,9372ebacb7ef300192f3001a8f6eb436cdb8fddd0d3b77b85c714f684dac7de3
2018,2018,ae899de273cd75984359192e28b80b614da4e1eab9134d9cdad4de2f4051594e
1964,2008,daacc46c8080ad3facc05929add8fe50e695597ba1fc906abb81d0ac5e3be13d
2018,2018,ae899de273cd75984359192e28b80b614da4e1eab9134d9cdad4de2f4051594e
2016,2017,e6aa79db1d97e4938bde398be46b1e0b29d6d33fc1bdd3ce78a31935e0320c50
